MUNICIPAL STATUS,CODE OF LOCALITY,yeshoove_h,yeshoove, CLUSTER 2019[4] , CLUSTER 2017[4],CODE OF STATISTICAL AREA,INDEX POPULATION 2019[1],INDEX VALUE 2019[2],RANK 2019[3] , CLUSTER 2019[4] , CLUSTER 2017[4]
0,5000,תל אביב -יפו,TEL AVIV - YAFO,8,8,923,269,-2.496,15,1,1
0,5000,תל אביב -יפו,TEL AVIV - YAFO,8,8,821,512,-1.076,226,2,3
0,5000,תל אביב -יפו,TEL AVIV - YAFO,8,8,735,"2,635",-0.867,283,3,3
0,5000,תל אביב -יפו,TEL AVIV - YAFO,8,8,934,"1,707",-0.842,291,3,3
0,5000,תל אביב -יפו,TEL AVIV - YAFO,8,8,935,"1,698",-0.789,311,3,3
0,5000,תל אביב -יפו,TEL AVIV - YAFO,8,8,724,"1,254",-0.708,327,3,3
0,5000,תל אביב -יפו,TEL AVIV - YAFO,8,8,931,"1,465",-0.662,346,3,3
0,5000,תל אביב -יפו,TEL AVIV - YAFO,8,8,746,"3,763",-0.647,349,3,3
0,5000,תל אביב -יפו,TEL AVIV - YAFO,8,8,932,750,-0.513,383,4,3
0,5000,תל אביב -יפו,TEL AVIV - YAFO,8,8,815,637,-0.504,386,4,3
0,5000,תל אביב -יפו,TEL AVIV - YAFO,8,8,933,"3,522",-0.481,393,4,4
0,5000,תל אביב -יפו,TEL AVIV - YAFO,8,8,747,"2,694",-0.422,424,4,4
0,5000,תל אביב -יפו,TEL AVIV - YAFO,8,8,936,"3,375",-0.345,460,5,4
0,5000,תל אביב -יפו,TEL AVIV - YAFO,8,8,736,"3,630",-0.321,473,5,4
0,5000,תל אביב -יפו,TEL AVIV - YAFO,8,8,743,"3,246",-0.311,482,5,4
0,5000,תל אביב -יפו,TEL AVIV - YAFO,8,8,744,"4,061",-0.3,489,5,4
0,5000,תל אביב -יפו,TEL AVIV - YAFO,8,8,924,"1,255",-0.29,496,5,4
0,5000,תל אביב -יפו,TEL AVIV - YAFO,8,8,748,"2,853",-0.279,499,5,4
0,5000,תל אביב -יפו,TEL AVIV - YAFO,8,8,734,"3,350",-0.259,512,5,4
0,5000,תל אביב -יפו,TEL AVIV - YAFO,8,8,816,605,-0.242,531,5,4
0,5000,תל אביב -יפו,TEL AVIV - YAFO,8,8,824,"2,259",-0.228,538,5,4
0,5000,תל אביב -יפו,TEL AVIV - YAFO,8,8,725,"2,366",-0.212,545,5,4
0,5000,תל אביב -יפו,TEL AVIV - YAFO,8,8,937,"5,206",-0.198,555,5,5
0,5000,תל אביב -יפו,TEL AVIV - YAFO,8,8,723,"2,076",-0.168,564,5,4
0,5000,תל אביב -יפו,TEL AVIV - YAFO,8,8,823,"1,385",-0.161,572,5,4
0,5000,תל אביב -יפו,TEL AVIV - YAFO,8,8,833,"4,946",-0.153,582,5,4
0,5000,תל אביב -יפו,TEL AVIV - YAFO,8,8,745,"3,783",-0.109,600,5,4
0,5000,תל אביב -יפו,TEL AVIV - YAFO,8,8,135,"1,347",-0.105,603,5,6
0,5000,תל אביב -יפו,TEL AVIV - YAFO,8,8,822,"2,980",-0.059,634,5,4
0,5000,תל אביב -יפו,TEL AVIV - YAFO,8,8,944,"3,563",-0.049,641,5,5
0,5000,תל אביב -יפו,TEL AVIV - YAFO,8,8,721,"1,035",-0.042,645,5,5
0,5000,תל אביב -יפו,TEL AVIV - YAFO,8,8,943,"3,028",0.055,711,5,5
0,5000,תל אביב -יפו,TEL AVIV - YAFO,8,8,929,"3,690",0.072,722,5,5
0,5000,תל אביב -יפו,TEL AVIV - YAFO,8,8,945,"2,643",0.1,743,5,5
0,5000,תל אביב -יפו,TEL AVIV - YAFO,8,8,941,"4,064",0.106,747,5,5
0,5000,תל אביב -יפו,TEL AVIV - YAFO,8,8,832,"3,733",0.117,755,6,5
0,5000,תל אביב -יפו,TEL AVIV - YAFO,8,8,732,"3,624",0.131,770,6,5
0,5000,תל אביב -יפו,TEL AVIV - YAFO,8,8,925,"3,122",0.14,773,6,5
0,5000,תל אביב -יפו,TEL AVIV - YAFO,8,8,942,"5,105",0.159,786,6,6
0,5000,תל אביב -יפו,TEL AVIV - YAFO,8,8,733,"1,642",0.235,821,6,4
0,5000,תל אביב -יפו,TEL AVIV - YAFO,8,8,946,"3,305",0.274,849,6,6
0,5000,תל אביב -יפו,TEL AVIV - YAFO,8,8,814,"3,281",0.32,884,6,5
0,5000,תל אביב -יפו,TEL AVIV - YAFO,8,8,947,"4,799",0.371,919,6,6
0,5000,תל אביב -יפו,TEL AVIV - YAFO,8,8,826,"1,011",0.399,933,6,5
0,5000,תל אביב -יפו,TEL AVIV - YAFO,8,8,928,404,0.452,961,7,6
0,5000,תל אביב -יפו,TEL AVIV - YAFO,8,8,511,"1,355",0.505,986,7,7
0,5000,תל אביב -יפו,TEL AVIV - YAFO,8,8,927,"5,125",0.509,988,7,7
0,5000,תל אביב -יפו,TEL AVIV - YAFO,8,8,926,"3,120",0.52,993,7,6
0,5000,תל אביב -יפו,TEL AVIV - YAFO,8,8,226,"5,084",0.663,1061,7,6
0,5000,תל אביב -יפו,TEL AVIV - YAFO,8,8,711,"2,091",0.711,1089,7,7
0,5000,תל אביב -יפו,TEL AVIV - YAFO,8,8,522,"1,962",0.718,1092,7,7
0,5000,תל אביב -יפו,TEL AVIV - YAFO,8,8,521,"1,752",0.721,1095,7,7
0,5000,תל אביב -יפו,TEL AVIV - YAFO,8,8,523,"1,577",0.742,1107,7,7
0,5000,תל אביב -יפו,TEL AVIV - YAFO,8,8,715,"1,476",0.88,1167,7,7
0,5000,תל אביב -יפו,TEL AVIV - YAFO,8,8,134,"3,994",0.882,1169,7,8
0,5000,תל אביב -יפו,TEL AVIV - YAFO,8,8,713,789,0.898,1172,7,7
0,5000,תל אביב -יפו,TEL AVIV - YAFO,8,8,921,"4,657",0.904,1177,7,7
0,5000,תל אביב -יפו,TEL AVIV - YAFO,8,8,225,"3,751",0.926,1186,7,7
0,5000,תל אביב -יפו,TEL AVIV - YAFO,8,8,731,"2,766",0.936,1192,7,7
0,5000,תל אביב -יפו,TEL AVIV - YAFO,8,8,512,"2,437",0.98,1224,7,8
0,5000,תל אביב -יפו,TEL AVIV - YAFO,8,8,916,"1,794",0.987,1226,7,7
0,5000,תל אביב -יפו,TEL AVIV - YAFO,8,8,922,"2,054",0.997,1231,7,7
0,5000,תל אביב -יפו,TEL AVIV - YAFO,8,8,532,569,1.046,1251,8,8
0,5000,תל אביב -יפו,TEL AVIV - YAFO,8,8,722,502,1.067,1260,8,7
0,5000,תל אביב -יפו,TEL AVIV - YAFO,8,8,335,"1,675",1.07,1262,8,8
0,5000,תל אביב -יפו,TEL AVIV - YAFO,8,8,533,"3,722",1.094,1272,8,8
0,5000,תל אביב -יפו,TEL AVIV - YAFO,8,8,541,"1,296",1.127,1287,8,7
0,5000,תל אביב -יפו,TEL AVIV - YAFO,8,8,915,"3,224",1.138,1292,8,8
0,5000,תל אביב -יפו,TEL AVIV - YAFO,8,8,542,"1,127",1.141,1293,8,8
0,5000,תל אביב -יפו,TEL AVIV - YAFO,8,8,811,"2,039",1.164,1307,8,7
0,5000,תל אביב -יפו,TEL AVIV - YAFO,8,8,812,"5,518",1.177,1311,8,8
0,5000,תל אביב -יפו,TEL AVIV - YAFO,8,8,336,"2,143",1.211,1320,8,8
0,5000,תל אביב -יפו,TEL AVIV - YAFO,8,8,215,"5,199",1.238,1333,8,9
0,5000,תל אביב -יפו,TEL AVIV - YAFO,8,8,334,"2,310",1.255,1338,8,9
0,5000,תל אביב -יפו,TEL AVIV - YAFO,8,8,216,"2,647",1.301,1368,8,8
0,5000,תל אביב -יפו,TEL AVIV - YAFO,8,8,712,"2,559",1.316,1376,8,8
0,5000,תל אביב -יפו,TEL AVIV - YAFO,8,8,552,"1,119",1.328,1384,8,8
0,5000,תל אביב -יפו,TEL AVIV - YAFO,8,8,813,"2,222",1.331,1385,8,8
0,5000,תל אביב -יפו,TEL AVIV - YAFO,8,8,436,"2,053",1.356,1399,8,9
0,5000,תל אביב -יפו,TEL AVIV - YAFO,8,8,557,"1,874",1.365,1401,8,8
0,5000,תל אביב -יפו,TEL AVIV - YAFO,8,8,312,"2,395",1.394,1416,9,9
0,5000,תל אביב -יפו,TEL AVIV - YAFO,8,8,911,"4,567",1.4,1418,9,9
0,5000,תל אביב -יפו,TEL AVIV - YAFO,8,8,513,"2,515",1.407,1422,9,8
0,5000,תל אביב -יפו,TEL AVIV - YAFO,8,8,317,"2,183",1.417,1424,9,9
0,5000,תל אביב -יפו,TEL AVIV - YAFO,8,8,338,"1,959",1.421,1426,9,8
0,5000,תל אביב -יפו,TEL AVIV - YAFO,8,8,611,"2,946",1.435,1431,9,9
0,5000,תל אביב -יפו,TEL AVIV - YAFO,8,8,333,"1,549",1.444,1436,9,9
0,5000,תל אביב -יפו,TEL AVIV - YAFO,8,8,326,"2,789",1.45,1439,9,9
0,5000,תל אביב -יפו,TEL AVIV - YAFO,8,8,321,"1,758",1.484,1445,9,9
0,5000,תל אביב -יפו,TEL AVIV - YAFO,8,8,514,"2,829",1.502,1449,9,9
0,5000,תל אביב -יפו,TEL AVIV - YAFO,8,8,626,"2,088",1.513,1452,9,9
0,5000,תל אביב -יפו,TEL AVIV - YAFO,8,8,337,"1,858",1.533,1460,9,9
0,5000,תל אביב -יפו,TEL AVIV - YAFO,8,8,554,"1,089",1.541,1462,9,9
0,5000,תל אביב -יפו,TEL AVIV - YAFO,8,8,313,"2,136",1.546,1465,9,9
0,5000,תל אביב -יפו,TEL AVIV - YAFO,8,8,516,"4,431",1.567,1468,9,9
0,5000,תל אביב -יפו,TEL AVIV - YAFO,8,8,343,"2,257",1.581,1475,9,9
0,5000,תל אביב -יפו,TEL AVIV - YAFO,8,8,344,"2,046",1.582,1476,9,9
0,5000,תל אביב -יפו,TEL AVIV - YAFO,8,8,133,"4,932",1.596,1483,9,9
0,5000,תל אביב -יפו,TEL AVIV - YAFO,8,8,515,"3,685",1.6,1485,9,9
0,5000,תל אביב -יפו,TEL AVIV - YAFO,8,8,543,"1,577",1.616,1490,9,9
0,5000,תל אביב -יפו,TEL AVIV - YAFO,8,8,544,"2,044",1.616,1491,9,9
0,5000,תל אביב -יפו,TEL AVIV - YAFO,8,8,912,"4,141",1.622,1495,9,9
0,5000,תל אביב -יפו,TEL AVIV - YAFO,8,8,132,"3,194",1.65,1502,9,9
0,5000,תל אביב -יפו,TEL AVIV - YAFO,8,8,341,"2,185",1.655,1505,9,9
0,5000,תל אביב -יפו,TEL AVIV - YAFO,8,8,555,"2,189",1.698,1515,9,9
0,5000,תל אביב -יפו,TEL AVIV - YAFO,8,8,346,"2,621",1.703,1518,9,9
0,5000,תל אביב -יפו,TEL AVIV - YAFO,8,8,316,"1,865",1.718,1522,9,9
0,5000,תל אביב -יפו,TEL AVIV - YAFO,8,8,233,"3,936",1.72,1523,9,9
0,5000,תל אביב -יפו,TEL AVIV - YAFO,8,8,612,"1,480",1.723,1524,9,9
0,5000,תל אביב -יפו,TEL AVIV - YAFO,8,8,348,"1,271",1.729,1525,9,9
0,5000,תל אביב -יפו,TEL AVIV - YAFO,8,8,342,"2,180",1.739,1527,9,9
0,5000,תל אביב -יפו,TEL AVIV - YAFO,8,8,431,"2,920",1.758,1533,9,9
0,5000,תל אביב -יפו,TEL AVIV - YAFO,8,8,345,"2,261",1.766,1537,9,9
0,5000,תל אביב -יפו,TEL AVIV - YAFO,8,8,517,"3,391",1.767,1538,9,9
0,5000,תל אביב -יפו,TEL AVIV - YAFO,8,8,322,"1,736",1.773,1540,9,9
0,5000,תל אביב -יפו,TEL AVIV - YAFO,8,8,347,"2,961",1.784,1544,9,9
0,5000,תל אביב -יפו,TEL AVIV - YAFO,8,8,221,160,1.789,1547,9,9
0,5000,תל אביב -יפו,TEL AVIV - YAFO,8,8,113,"12,198",1.791,1548,9,9
0,5000,תל אביב -יפו,TEL AVIV - YAFO,8,8,421,"2,712",1.827,1554,9,9
0,5000,תל אביב -יפו,TEL AVIV - YAFO,8,8,114,"6,846",1.829,1555,9,9
0,5000,תל אביב -יפו,TEL AVIV - YAFO,8,8,415,"3,981",1.843,1558,10,9
0,5000,תל אביב -יפו,TEL AVIV - YAFO,8,8,324,"2,303",1.845,1559,10,9
0,5000,תל אביב -יפו,TEL AVIV - YAFO,8,8,433,"3,143",1.852,1561,10,10
0,5000,תל אביב -יפו,TEL AVIV - YAFO,8,8,315,"3,935",1.864,1564,10,9
0,5000,תל אביב -יפו,TEL AVIV - YAFO,8,8,214,"3,012",1.869,1567,10,9
0,5000,תל אביב -יפו,TEL AVIV - YAFO,8,8,125,"4,836",1.886,1570,10,9
0,5000,תל אביב -יפו,TEL AVIV - YAFO,8,8,314,"4,386",1.893,1571,10,9
0,5000,תל אביב -יפו,TEL AVIV - YAFO,8,8,323,"4,183",1.896,1573,10,9
0,5000,תל אביב -יפו,TEL AVIV - YAFO,8,8,413,"3,829",1.903,1575,10,9
0,5000,תל אביב -יפו,TEL AVIV - YAFO,8,8,212,"5,601",1.908,1576,10,9
0,5000,תל אביב -יפו,TEL AVIV - YAFO,8,8,412,"4,873",1.911,1577,10,9
0,5000,תל אביב -יפו,TEL AVIV - YAFO,8,8,411,"5,176",1.915,1580,10,9
0,5000,תל אביב -יפו,TEL AVIV - YAFO,8,8,349,"1,718",1.918,1581,10,9
0,5000,תל אביב -יפו,TEL AVIV - YAFO,8,8,325,"3,785",1.922,1582,10,9
0,5000,תל אביב -יפו,TEL AVIV - YAFO,8,8,213,"3,346",1.925,1583,10,9
0,5000,תל אביב -יפו,TEL AVIV - YAFO,8,8,424,"3,118",1.933,1586,10,10
0,5000,תל אביב -יפו,TEL AVIV - YAFO,8,8,121,"3,795",1.953,1590,10,9
0,5000,תל אביב -יפו,TEL AVIV - YAFO,8,8,123,"4,867",1.981,1593,10,10
0,5000,תל אביב -יפו,TEL AVIV - YAFO,8,8,124,"4,664",1.994,1596,10,10
0,5000,תל אביב -יפו,TEL AVIV - YAFO,8,8,621,407,2.012,1599,10,..
0,5000,תל אביב -יפו,TEL AVIV - YAFO,8,8,414,"3,085",2.017,1600,10,10
0,5000,תל אביב -יפו,TEL AVIV - YAFO,8,8,422,"3,461",2.02,1601,10,9
0,5000,תל אביב -יפו,TEL AVIV - YAFO,8,8,435,"1,185",2.08,1606,10,10
0,5000,תל אביב -יפו,TEL AVIV - YAFO,8,8,432,"4,102",2.086,1607,10,10
0,5000,תל אביב -יפו,TEL AVIV - YAFO,8,8,423,"3,299",2.092,1608,10,10
0,5000,תל אביב -יפו,TEL AVIV - YAFO,8,8,223,"5,301",2.093,1609,10,10
0,5000,תל אביב -יפו,TEL AVIV - YAFO,8,8,115,"5,622",2.106,1610,10,10
0,5000,תל אביב -יפו,TEL AVIV - YAFO,8,8,427,"2,395",2.128,1614,10,10
0,5000,תל אביב -יפו,TEL AVIV - YAFO,8,8,211,"5,851",2.143,1616,10,10
0,5000,תל אביב -יפו,TEL AVIV - YAFO,8,8,232,"2,683",2.157,1617,10,10
0,5000,תל אביב -יפו,TEL AVIV - YAFO,8,8,117,"6,114",2.158,1618,10,10
0,5000,תל אביב -יפו,TEL AVIV - YAFO,8,8,122,"3,699",2.227,1621,10,10
0,5000,תל אביב -יפו,TEL AVIV - YAFO,8,8,231,"4,226",2.268,1624,10,10
0,5000,תל אביב -יפו,TEL AVIV - YAFO,8,8,222,"3,824",2.28,1625,10,10
0,5000,תל אביב -יפו,TEL AVIV - YAFO,8,8,131,"2,560",2.364,1629,10,10
0,5000,תל אביב -יפו,TEL AVIV - YAFO,8,8,437,"2,543",2.368,1630,10,10
0,5000,תל אביב -יפו,TEL AVIV - YAFO,8,8,914,954,2.4,1631,10,10
0,5000,תל אביב -יפו,TEL AVIV - YAFO,8,8,224,"2,135",2.519,1633,10,10
0,5000,תל אביב -יפו,TEL AVIV - YAFO,8,8,613,"2,003",2.525,1634,10,10
99,1304,שוהם,SHOHAM,9,9,3,"4,626",1.545,1463,9,9
99,1304,שוהם,SHOHAM,9,9,2,"6,639",1.603,1487,9,9
99,1304,שוהם,SHOHAM,9,9,4,"4,144",1.777,1542,9,9
99,1304,שוהם,SHOHAM,9,9,1,"5,636",1.898,1574,10,9
0,1031,שדרות,SEDEROT,5,4,3,"3,107",-0.45,412,4,4
0,1031,שדרות,SEDEROT,5,4,2,"4,936",-0.424,423,4,4
0,1031,שדרות,SEDEROT,5,4,5,"4,275",-0.3,488,5,4
0,1031,שדרות,SEDEROT,5,4,4,"4,686",-0.087,617,5,4
0,1031,שדרות,SEDEROT,5,4,7,"3,462",0.059,714,5,5
0,1031,שדרות,SEDEROT,5,4,6,"7,116",0.245,831,6,6
0,8700,רעננה,RA'ANNANA,8,8,23,"2,727",0.623,1045,7,7
0,8700,רעננה,RA'ANNANA,8,8,21,"2,524",0.787,1126,7,7
0,8700,רעננה,RA'ANNANA,8,8,22,"3,405",0.823,1139,7,7
0,8700,רעננה,RA'ANNANA,8,8,18,"2,561",0.833,1144,7,7
0,8700,רעננה,RA'ANNANA,8,8,34,"3,755",0.839,1147,7,7
0,8700,רעננה,RA'ANNANA,8,8,15,"2,124",0.852,1153,7,7
0,8700,רעננה,RA'ANNANA,8,8,33,"3,853",0.952,1202,7,8
0,8700,רעננה,RA'ANNANA,8,8,19,"2,456",1.029,1245,8,8
0,8700,רעננה,RA'ANNANA,8,8,17,"3,390",1.037,1248,8,8
0,8700,רעננה,RA'ANNANA,8,8,16,"2,935",1.041,1250,8,8
0,8700,רעננה,RA'ANNANA,8,8,12,"2,484",1.124,1281,8,8
0,8700,רעננה,RA'ANNANA,8,8,26,"6,864",1.173,1309,8,8
0,8700,רעננה,RA'ANNANA,8,8,35,"3,255",1.256,1339,8,8
0,8700,רעננה,RA'ANNANA,8,8,32,"3,529",1.392,1415,9,9
0,8700,רעננה,RA'ANNANA,8,8,14,"2,483",1.403,1420,9,9
0,8700,רעננה,RA'ANNANA,8,8,36,"2,325",1.441,1432,9,9
0,8700,רעננה,RA'ANNANA,8,8,28,"2,712",1.501,1448,9,9
0,8700,רעננה,RA'ANNANA,8,8,13,"3,761",1.519,1455,9,9
0,8700,רעננה,RA'ANNANA,8,8,24,"3,027",1.524,1457,9,9
0,8700,רעננה,RA'ANNANA,8,8,27,"4,151",1.567,1469,9,9
0,8700,רעננה,RA'ANNANA,8,8,31,"6,680",1.65,1503,9,9
0,8700,רעננה,RA'ANNANA,8,8,25,"3,490",1.762,1536,9,9
0,2650,רמת השרון,RAMAT HASHARON,9,9,13,"5,027",0.876,1159,7,7
0,2650,רמת השרון,RAMAT HASHARON,9,9,11,"6,985",0.919,1180,7,7
0,2650,רמת השרון,RAMAT HASHARON,9,9,22,"4,290",1.539,1461,9,9
0,2650,רמת השרון,RAMAT HASHARON,9,9,21,"3,851",1.679,1511,9,9
0,2650,רמת השרון,RAMAT HASHARON,9,9,32,"3,158",1.814,1551,9,9
0,2650,רמת השרון,RAMAT HASHARON,9,9,14,"5,063",1.912,1578,10,9
0,2650,רמת השרון,RAMAT HASHARON,9,9,23,"3,905",1.974,1592,10,9
0,2650,רמת השרון,RAMAT HASHARON,9,9,33,"2,517",1.982,1595,10,9
0,2650,רמת השרון,RAMAT HASHARON,9,9,24,"3,779",2,1598,10,10
0,2650,רמת השרון,RAMAT HASHARON,9,9,31,"4,723",2.127,1613,10,10
0,2650,רמת השרון,RAMAT HASHARON,9,9,36,"3,692",2.363,1628,10,10
0,8600,רמת גן,RAMAT GAN,8,8,323,385,-1.067,228,2,3
0,8600,רמת גן,RAMAT GAN,8,8,322,"3,155",-0.014,662,5,5
0,8600,רמת גן,RAMAT GAN,8,8,412,"6,411",0.385,926,6,6
0,8600,רמת גן,RAMAT GAN,8,8,321,"5,234",0.48,976,7,6
0,8600,רמת גן,RAMAT GAN,8,8,135,"2,666",0.564,1016,7,7
0,8600,רמת גן,RAMAT GAN,8,8,211,"2,821",0.668,1066,7,7
0,8600,רמת גן,RAMAT GAN,8,8,214,"2,396",0.685,1072,7,7
0,8600,רמת גן,RAMAT GAN,8,8,314,"2,472",0.698,1079,7,7
0,8600,רמת גן,RAMAT GAN,8,8,325,"5,272",0.723,1097,7,7
0,8600,רמת גן,RAMAT GAN,8,8,225,"3,333",0.83,1143,7,7
0,8600,רמת גן,RAMAT GAN,8,8,313,"3,778",0.878,1163,7,7
0,8600,רמת גן,RAMAT GAN,8,8,134,"3,878",0.879,1164,7,7
0,8600,רמת גן,RAMAT GAN,8,8,136,"4,447",0.88,1166,7,7
0,8600,רמת גן,RAMAT GAN,8,8,114,"4,793",0.901,1174,7,7
0,8600,רמת גן,RAMAT GAN,8,8,221,"3,814",0.91,1178,7,7
0,8600,רמת גן,RAMAT GAN,8,8,216,"5,218",0.919,1181,7,7
0,8600,רמת גן,RAMAT GAN,8,8,115,"2,806",0.932,1189,7,7
0,8600,רמת גן,RAMAT GAN,8,8,212,"3,474",0.939,1193,7,7
0,8600,רמת גן,RAMAT GAN,8,8,215,"6,124",0.941,1195,7,7
0,8600,רמת גן,RAMAT GAN,8,8,138,"4,316",0.95,1201,7,8
0,8600,רמת גן,RAMAT GAN,8,8,213,"3,302",0.953,1203,7,8
0,8600,רמת גן,RAMAT GAN,8,8,124,751,0.959,1210,7,8
0,8600,רמת גן,RAMAT GAN,8,8,113,"3,551",0.963,1215,7,8
0,8600,רמת גן,RAMAT GAN,8,8,137,"2,207",0.967,1220,7,7
0,8600,רמת גן,RAMAT GAN,8,8,311,"3,220",0.989,1227,7,7
0,8600,רמת גן,RAMAT GAN,8,8,133,"5,746",1.039,1249,8,8
0,8600,רמת גן,RAMAT GAN,8,8,116,"3,946",1.079,1267,8,8
0,8600,רמת גן,RAMAT GAN,8,8,121,"3,661",1.103,1275,8,8
0,8600,רמת גן,RAMAT GAN,8,8,324,"5,852",1.144,1294,8,8
0,8600,רמת גן,RAMAT GAN,8,8,222,"6,611",1.156,1302,8,8
0,8600,רמת גן,RAMAT GAN,8,8,224,"4,390",1.183,1312,8,8
0,8600,רמת גן,RAMAT GAN,8,8,223,"4,513",1.266,1346,8,8
0,8600,רמת גן,RAMAT GAN,8,8,132,"3,629",1.341,1392,8,8
0,8600,רמת גן,RAMAT GAN,8,8,122,"2,089",1.508,1451,9,9
0,8600,רמת גן,RAMAT GAN,8,8,131,"2,449",1.57,1472,9,9
0,8600,רמת גן,RAMAT GAN,8,8,312,"4,745",1.585,1478,9,9
0,8600,רמת גן,RAMAT GAN,8,8,123,"3,179",1.586,1479,9,9
0,8600,רמת גן,RAMAT GAN,8,8,125,"2,613",1.709,1520,9,9
0,8600,רמת גן,RAMAT GAN,8,8,112,"4,807",1.74,1528,9,9
0,8600,רמת גן,RAMAT GAN,8,8,418,"7,278",1.947,1588,10,9
0,8600,רמת גן,RAMAT GAN,8,8,417,488,1.953,1589,10,10
0,8600,רמת גן,RAMAT GAN,8,8,416,"3,271",2.11,1611,10,10
0,8600,רמת גן,RAMAT GAN,8,8,414,"3,840",2.132,1615,10,10
0,8500,רמלה,RAMLA,5,4,45,"3,672",-1.626,117,2,1
0,8500,רמלה,RAMLA,5,4,18,"2,426",-1.413,159,2,2
0,8500,רמלה,RAMLA,5,4,11,"1,831",-1.256,185,2,2
0,8500,רמלה,RAMLA,5,4,17,"4,075",-1.173,206,2,2
0,8500,רמלה,RAMLA,5,4,14,"4,287",-0.696,331,3,3
0,8500,רמלה,RAMLA,5,4,34,"2,994",-0.673,340,3,3
0,8500,רמלה,RAMLA,5,4,35,"3,227",-0.671,341,3,3
0,8500,רמלה,RAMLA,5,4,21,"2,329",-0.669,343,3,3
0,8500,רמלה,RAMLA,5,4,33,"2,672",-0.493,391,4,4
0,8500,רמלה,RAMLA,5,4,42,"5,142",-0.416,427,4,4
0,8500,רמלה,RAMLA,5,4,32,"3,265",-0.394,431,4,4
0,8500,רמלה,RAMLA,5,4,23,"2,162",-0.348,458,5,4
0,8500,רמלה,RAMLA,5,4,22,"3,662",-0.256,520,5,4
0,8500,רמלה,RAMLA,5,4,44,"3,027",-0.2,553,5,4
0,8500,רמלה,RAMLA,5,4,43,"4,352",-0.137,588,5,4
0,8500,רמלה,RAMLA,5,4,31,"3,676",0.093,736,5,5
0,8500,רמלה,RAMLA,5,4,13,"5,663",0.221,812,6,6
0,8500,רמלה,RAMLA,5,4,24,"4,365",0.3,866,6,6
0,8500,רמלה,RAMLA,5,4,12,"2,426",0.339,903,6,6
0,8500,רמלה,RAMLA,5,4,41,"9,228",0.447,958,7,6
0,8400,רחובות,REHOVOT,7,7,432,"5,433",-0.835,292,3,3
0,8400,רחובות,REHOVOT,7,7,212,"2,412",-0.819,297,3,3
0,8400,רחובות,REHOVOT,7,7,117,"5,503",-0.464,403,4,4
0,8400,רחובות,REHOVOT,7,7,232,"5,512",-0.425,421,4,4
0,8400,רחובות,REHOVOT,7,7,222,"7,091",-0.268,506,5,4
0,8400,רחובות,REHOVOT,7,7,211,"4,145",-0.027,651,5,5
0,8400,רחובות,REHOVOT,7,7,121,"4,261",0.048,707,5,5
0,8400,רחובות,REHOVOT,7,7,124,"3,749",0.109,749,5,6
0,8400,רחובות,REHOVOT,7,7,313,"3,194",0.119,757,6,5
0,8400,רחובות,REHOVOT,7,7,231,"3,333",0.163,790,6,5
0,8400,רחובות,REHOVOT,7,7,321,"5,808",0.213,808,6,6
0,8400,רחובות,REHOVOT,7,7,322,"5,012",0.419,948,6,6
0,8400,רחובות,REHOVOT,7,7,411,"3,511",0.43,953,7,7
0,8400,רחובות,REHOVOT,7,7,425,"5,026",0.467,967,7,6
0,8400,רחובות,REHOVOT,7,7,433,734,0.653,1058,7,7
0,8400,רחובות,REHOVOT,7,7,431,"7,943",0.725,1098,7,7
0,8400,רחובות,REHOVOT,7,7,412,"2,614",0.726,1099,7,7
0,8400,רחובות,REHOVOT,7,7,116,"3,799",0.727,1100,7,7
0,8400,רחובות,REHOVOT,7,7,213,"4,611",0.751,1109,7,7
0,8400,רחובות,REHOVOT,7,7,214,"3,301",0.964,1216,7,8
0,8400,רחובות,REHOVOT,7,7,413,"4,985",1.005,1236,7,8
0,8400,רחובות,REHOVOT,7,7,122,"4,206",1.068,1261,8,8
0,8400,רחובות,REHOVOT,7,7,312,"6,791",1.125,1283,8,8
0,8400,רחובות,REHOVOT,7,7,414,"4,147",1.238,1332,8,8
0,8400,רחובות,REHOVOT,7,7,311,"2,508",1.27,1348,8,9
0,8400,רחובות,REHOVOT,7,7,115,"4,060",1.293,1361,8,8
0,8400,רחובות,REHOVOT,7,7,424,"7,544",1.306,1371,8,9
0,8400,רחובות,REHOVOT,7,7,421,"3,593",1.423,1429,9,9
0,8400,רחובות,REHOVOT,7,7,114,"3,813",1.446,1438,9,9
0,8400,רחובות,REHOVOT,7,7,221,"1,509",1.554,1466,9,9
0,8400,רחובות,REHOVOT,7,7,113,339,1.696,1514,9,9
0,8400,רחובות,REHOVOT,7,7,123,"8,758",1.787,1546,9,9
0,8400,רחובות,REHOVOT,7,7,422,"1,230",1.877,1569,10,9
0,8400,רחובות,REHOVOT,7,7,112,"3,096",1.944,1587,10,10
0,1161,רהט,RAHAT,1,1,2,"6,308",-2.408,20,1,1
0,1161,רהט,RAHAT,1,1,7,"7,875",-2.338,22,1,1
0,1161,רהט,RAHAT,1,1,9,"6,166",-2.286,26,1,1
0,1161,רהט,RAHAT,1,1,10,"5,420",-1.994,48,1,1
0,1161,רהט,RAHAT,1,1,3,"9,669",-1.896,72,1,1
0,1161,רהט,RAHAT,1,1,6,"4,561",-1.823,86,1,1
0,1161,רהט,RAHAT,1,1,1,"6,284",-1.814,88,1,1
0,1161,רהט,RAHAT,1,1,4,"8,383",-1.811,89,1,1
0,1161,רהט,RAHAT,1,1,11,"8,016",-1.693,113,1,1
0,1161,רהט,RAHAT,1,1,8,"4,741",-1.102,216,2,2
0,1161,רהט,RAHAT,1,1,5,"3,967",-1.038,238,2,2
0,8300,ראשון לציון,RISHON LEZIYYON,7,7,511,"5,124",-0.925,266,3,3
0,8300,ראשון לציון,RISHON LEZIYYON,7,7,513,"2,790",-0.44,417,4,4
0,8300,ראשון לציון,RISHON LEZIYYON,7,7,512,"3,735",-0.414,428,4,4
0,8300,ראשון לציון,RISHON LEZIYYON,7,7,117,"4,210",0.169,793,6,5
0,8300,ראשון לציון,RISHON LEZIYYON,7,7,116,"4,210",0.188,798,6,6
0,8300,ראשון לציון,RISHON LEZIYYON,7,7,122,"3,415",0.192,799,6,6
0,8300,ראשון לציון,RISHON LEZIYYON,7,7,121,"4,111",0.288,858,6,6
0,8300,ראשון לציון,RISHON LEZIYYON,7,7,123,"2,905",0.29,860,6,6
0,8300,ראשון לציון,RISHON LEZIYYON,7,7,115,"4,587",0.302,870,6,6
0,8300,ראשון לציון,RISHON LEZIYYON,7,7,112,120,0.315,879,6,..
0,8300,ראשון לציון,RISHON LEZIYYON,7,7,315,"3,416",0.317,881,6,6
0,8300,ראשון לציון,RISHON LEZIYYON,7,7,213,"5,165",0.354,906,6,6
0,8300,ראשון לציון,RISHON LEZIYYON,7,7,212,"7,055",0.409,942,6,6
0,8300,ראשון לציון,RISHON LEZIYYON,7,7,211,"4,434",0.425,950,6,6
0,8300,ראשון לציון,RISHON LEZIYYON,7,7,314,"4,277",0.475,974,7,7
0,8300,ראשון לציון,RISHON LEZIYYON,7,7,221,"5,180",0.523,996,7,7
0,8300,ראשון לציון,RISHON LEZIYYON,7,7,114,"4,591",0.526,998,7,7
0,8300,ראשון לציון,RISHON LEZIYYON,7,7,124,"2,405",0.554,1013,7,7
0,8300,ראשון לציון,RISHON LEZIYYON,7,7,125,"6,202",0.593,1029,7,7
0,8300,ראשון לציון,RISHON LEZIYYON,7,7,425,"3,184",0.634,1051,7,7
0,8300,ראשון לציון,RISHON LEZIYYON,7,7,624,"6,573",0.666,1065,7,7
0,8300,ראשון לציון,RISHON LEZIYYON,7,7,222,"2,866",0.672,1067,7,7
0,8300,ראשון לציון,RISHON LEZIYYON,7,7,421,"4,178",0.689,1074,7,7
0,8300,ראשון לציון,RISHON LEZIYYON,7,7,312,"3,657",0.74,1106,7,7
0,8300,ראשון לציון,RISHON LEZIYYON,7,7,225,"3,319",0.75,1108,7,7
0,8300,ראשון לציון,RISHON LEZIYYON,7,7,126,"8,909",0.774,1118,7,7
0,8300,ראשון לציון,RISHON LEZIYYON,7,7,522,"4,782",0.778,1119,7,7
0,8300,ראשון לציון,RISHON LEZIYYON,7,7,313,"5,055",0.779,1120,7,7
0,8300,ראשון לציון,RISHON LEZIYYON,7,7,413,"4,534",0.78,1122,7,7
0,8300,ראשון לציון,RISHON LEZIYYON,7,7,224,"2,587",0.788,1127,7,7
0,8300,ראשון לציון,RISHON LEZIYYON,7,7,623,"2,938",0.81,1132,7,7
0,8300,ראשון לציון,RISHON LEZIYYON,7,7,422,"3,793",0.816,1136,7,7
0,8300,ראשון לציון,RISHON LEZIYYON,7,7,426,"4,529",0.819,1137,7,7
0,8300,ראשון לציון,RISHON LEZIYYON,7,7,625,"1,668",0.903,1176,7,8
0,8300,ראשון לציון,RISHON LEZIYYON,7,7,311,"10,640",0.926,1184,7,7
0,8300,ראשון לציון,RISHON LEZIYYON,7,7,534,"6,231",0.956,1208,7,7
0,8300,ראשון לציון,RISHON LEZIYYON,7,7,524,"3,145",0.961,1212,7,7
0,8300,ראשון לציון,RISHON LEZIYYON,7,7,533,"4,631",0.962,1214,7,8
0,8300,ראשון לציון,RISHON LEZIYYON,7,7,615,"5,245",0.996,1229,7,8
0,8300,ראשון לציון,RISHON LEZIYYON,7,7,616,"3,873",1.014,1240,7,8
0,8300,ראשון לציון,RISHON LEZIYYON,7,7,521,"4,724",1.056,1255,8,8
0,8300,ראשון לציון,RISHON LEZIYYON,7,7,423,"3,937",1.063,1258,8,8
0,8300,ראשון לציון,RISHON LEZIYYON,7,7,532,"2,142",1.071,1264,8,8
0,8300,ראשון לציון,RISHON LEZIYYON,7,7,617,"5,651",1.086,1271,8,8
0,8300,ראשון לציון,RISHON LEZIYYON,7,7,514,"3,797",1.117,1278,8,8
0,8300,ראשון לציון,RISHON LEZIYYON,7,7,113,"3,174",1.126,1284,8,8
0,8300,ראשון לציון,RISHON LEZIYYON,7,7,523,"4,356",1.126,1285,8,8
0,8300,ראשון לציון,RISHON LEZIYYON,7,7,424,"3,551",1.229,1325,8,9
0,8300,ראשון לציון,RISHON LEZIYYON,7,7,412,"5,490",1.23,1328,8,9
0,8300,ראשון לציון,RISHON LEZIYYON,7,7,516,"6,023",1.253,1335,8,8
0,8300,ראשון לציון,RISHON LEZIYYON,7,7,215,"4,863",1.29,1357,8,8
0,8300,ראשון לציון,RISHON LEZIYYON,7,7,515,"2,149",1.296,1363,8,8
0,8300,ראשון לציון,RISHON LEZIYYON,7,7,614,"5,736",1.298,1365,8,9
0,8300,ראשון לציון,RISHON LEZIYYON,7,7,214,"5,128",1.298,1366,8,9
0,8300,ראשון לציון,RISHON LEZIYYON,7,7,611,"2,855",1.301,1367,8,9
0,8300,ראשון לציון,RISHON LEZIYYON,7,7,223,"5,607",1.306,1372,8,8
0,8300,ראשון לציון,RISHON LEZIYYON,7,7,531,"5,005",1.31,1373,8,9
0,8300,ראשון לציון,RISHON LEZIYYON,7,7,612,"3,030",1.463,1442,9,9
0,8300,ראשון לציון,RISHON LEZIYYON,7,7,411,"1,679",1.749,1530,9,9
0,2640,ראש העין,ROSH HAAYIN,7,7,3,"4,365",-0.063,633,5,5
0,2640,ראש העין,ROSH HAAYIN,7,7,4,"5,086",-0.052,639,5,5
0,2640,ראש העין,ROSH HAAYIN,7,7,6,"3,532",0.01,679,5,5
0,2640,ראש העין,ROSH HAAYIN,7,7,2,"6,830",0.025,687,5,5
0,2640,ראש העין,ROSH HAAYIN,7,7,5,"4,169",0.211,806,6,5
0,2640,ראש העין,ROSH HAAYIN,7,7,7,"4,567",0.425,951,6,6
0,2640,ראש העין,ROSH HAAYIN,7,7,1,"1,226",1.063,1257,8,..
0,2640,ראש העין,ROSH HAAYIN,7,7,11,"3,222",1.151,1299,8,8
0,2640,ראש העין,ROSH HAAYIN,7,7,9,"2,764",1.31,1374,8,9
0,2640,ראש העין,ROSH HAAYIN,7,7,8,"16,788",1.348,1397,8,9
0,2640,ראש העין,ROSH HAAYIN,7,7,13,"6,984",1.387,1413,9,9
0,2640,ראש העין,ROSH HAAYIN,7,7,12,"1,870",2.073,1605,10,10
0,2800,קריית שמונה,QIRYAT SHEMONA,5,5,10,"1,961",-0.313,480,5,4
0,2800,קריית שמונה,QIRYAT SHEMONA,5,5,4,"4,119",-0.239,534,5,4
0,2800,קריית שמונה,QIRYAT SHEMONA,5,5,5,"2,341",-0.211,547,5,4
0,2800,קריית שמונה,QIRYAT SHEMONA,5,5,3,"3,234",-0.189,559,5,4
0,2800,קריית שמונה,QIRYAT SHEMONA,5,5,8,"3,444",-0.161,573,5,5
0,2800,קריית שמונה,QIRYAT SHEMONA,5,5,6,"2,678",0.005,674,5,5
0,2800,קריית שמונה,QIRYAT SHEMONA,5,5,7,424,0.184,796,6,5
0,2800,קריית שמונה,QIRYAT SHEMONA,5,5,2,"4,278",0.278,850,6,6
99,469,קריית עקרון,QIRYAT EQRON,6,5,4,"2,843",-0.223,541,5,4
99,469,קריית עקרון,QIRYAT EQRON,6,5,3,"3,486",0.071,721,5,5
99,469,קריית עקרון,QIRYAT EQRON,6,5,2,"4,670",0.338,901,6,6
0,1034,קריית מלאכי,QIRYAT MAL'AKHI,4,4,7,"2,332",-1.062,230,2,3
0,1034,קריית מלאכי,QIRYAT MAL'AKHI,4,4,3,"2,702",-1.056,233,2,3
0,1034,קריית מלאכי,QIRYAT MAL'AKHI,4,4,6,"5,007",-1.026,242,2,3
0,1034,קריית מלאכי,QIRYAT MAL'AKHI,4,4,4,"2,284",-0.463,405,4,4
0,1034,קריית מלאכי,QIRYAT MAL'AKHI,4,4,8,"2,002",-0.312,481,5,3
0,1034,קריית מלאכי,QIRYAT MAL'AKHI,4,4,5,"4,084",-0.295,491,5,4
0,1034,קריית מלאכי,QIRYAT MAL'AKHI,4,4,2,"4,677",-0.181,560,5,4
0,1034,קריית מלאכי,QIRYAT MAL'AKHI,4,4,1,639,0.094,738,5,6
0,8200,קריית מוצקין,QIRYAT MOTZKIN,7,7,22,"5,237",-0.259,511,5,5
0,8200,קריית מוצקין,QIRYAT MOTZKIN,7,7,23,"2,137",-0.085,622,5,5
0,8200,קריית מוצקין,QIRYAT MOTZKIN,7,7,13,"3,649",0.123,762,6,6
0,8200,קריית מוצקין,QIRYAT MOTZKIN,7,7,33,"3,404",0.257,842,6,6
0,8200,קריית מוצקין,QIRYAT MOTZKIN,7,7,21,"4,438",0.36,910,6,7
0,8200,קריית מוצקין,QIRYAT MOTZKIN,7,7,32,"2,236",0.43,952,7,7
0,8200,קריית מוצקין,QIRYAT MOTZKIN,7,7,12,"5,355",0.558,1015,7,7
0,8200,קריית מוצקין,QIRYAT MOTZKIN,7,7,14,"3,327",0.606,1038,7,7
0,8200,קריית מוצקין,QIRYAT MOTZKIN,7,7,34,"4,156",0.701,1080,7,7
0,8200,קריית מוצקין,QIRYAT MOTZKIN,7,7,31,"2,008",0.771,1117,7,7
0,8200,קריית מוצקין,QIRYAT MOTZKIN,7,7,11,"7,356",1.146,1296,8,9
0,9600,קריית ים,QIRYAT YAM,5,5,25,"2,124",-1.309,178,2,3
0,9600,קריית ים,QIRYAT YAM,5,5,22,"2,097",-0.963,255,3,3
0,9600,קריית ים,QIRYAT YAM,5,5,24,"1,717",-0.953,256,3,3
0,9600,קריית ים,QIRYAT YAM,5,5,13,"3,226",-0.831,294,3,3
0,9600,קריית ים,QIRYAT YAM,5,5,21,"1,353",-0.783,314,3,4
0,9600,קריית ים,QIRYAT YAM,5,5,31,"3,330",-0.554,372,4,4
0,9600,קריית ים,QIRYAT YAM,5,5,32,"3,258",-0.464,404,4,4
0,9600,קריית ים,QIRYAT YAM,5,5,23,"1,867",-0.27,503,5,4
0,9600,קריית ים,QIRYAT YAM,5,5,33,"2,803",-0.011,665,5,5
0,9600,קריית ים,QIRYAT YAM,5,5,12,"4,016",0.102,746,5,6
0,9600,קריית ים,QIRYAT YAM,5,5,34,"4,962",0.332,897,6,6
0,9600,קריית ים,QIRYAT YAM,5,5,14,"4,161",0.41,943,6,7
0,9600,קריית ים,QIRYAT YAM,5,5,11,"4,803",0.954,1207,7,8
99,2300,קריית טבעון,QIRYAT TIV'ON,8,9,1,"5,975",0.997,1232,7,8
99,2300,קריית טבעון,QIRYAT TIV'ON,8,9,3,"4,928",1.303,1370,8,9
99,2300,קריית טבעון,QIRYAT TIV'ON,8,9,4,"3,279",1.326,1382,8,9
99,2300,קריית טבעון,QIRYAT TIV'ON,8,9,2,"3,681",1.443,1435,9,9
0,2630,קריית גת,QIRYAT GAT,4,4,33,"3,095",-1.599,124,2,2
0,2630,קריית גת,QIRYAT GAT,4,4,22,"3,217",-1.221,191,2,3
0,2630,קריית גת,QIRYAT GAT,4,4,13,517,-1.049,235,2,3
0,2630,קריית גת,QIRYAT GAT,4,4,15,"3,586",-0.995,248,3,3
0,2630,קריית גת,QIRYAT GAT,4,4,32,"5,841",-0.907,272,3,3
0,2630,קריית גת,QIRYAT GAT,4,4,25,"2,858",-0.807,302,3,3
0,2630,קריית גת,QIRYAT GAT,4,4,23,"2,322",-0.551,373,4,4
0,2630,קריית גת,QIRYAT GAT,4,4,24,"5,195",-0.335,465,5,4
0,2630,קריית גת,QIRYAT GAT,4,4,14,"3,684",-0.293,494,5,4
0,2630,קריית גת,QIRYAT GAT,4,4,12,"3,735",-0.264,510,5,4
0,2630,קריית גת,QIRYAT GAT,4,4,35,"2,270",-0.243,530,5,5
0,2630,קריית גת,QIRYAT GAT,4,4,34,"3,820",-0.229,537,5,4
0,2630,קריית גת,QIRYAT GAT,4,4,36,"3,456",-0.153,581,5,5
0,2630,קריית גת,QIRYAT GAT,4,4,21,"3,140",-0.08,626,5,5
0,2630,קריית גת,QIRYAT GAT,4,4,26,"6,553",0.102,745,5,5
0,2630,קריית גת,QIRYAT GAT,4,4,37,"2,455",0.231,818,6,6
0,2630,קריית גת,QIRYAT GAT,4,4,31,"1,053",0.397,931,6,7
0,9500,קריית ביאליק,QIRYAT BIALIK,6,7,2,"5,159",-0.81,300,3,3
0,9500,קריית ביאליק,QIRYAT BIALIK,6,7,5,"4,774",0.147,777,6,6
0,9500,קריית ביאליק,QIRYAT BIALIK,6,7,11,"5,770",0.184,797,6,6
0,9500,קריית ביאליק,QIRYAT BIALIK,6,7,3,"3,643",0.285,854,6,6
0,9500,קריית ביאליק,QIRYAT BIALIK,6,7,7,"3,359",0.475,972,7,7
0,9500,קריית ביאליק,QIRYAT BIALIK,6,7,6,"2,048",0.515,991,7,7
0,9500,קריית ביאליק,QIRYAT BIALIK,6,7,10,"4,155",0.666,1063,7,7
0,9500,קריית ביאליק,QIRYAT BIALIK,6,7,9,"4,632",0.703,1083,7,7
0,9500,קריית ביאליק,QIRYAT BIALIK,6,7,4,"2,558",1.27,1347,8,9
0,9500,קריית ביאליק,QIRYAT BIALIK,6,7,8,"4,075",1.339,1389,8,9
0,6800,קריית אתא,QIRYAT ATTA,6,6,14,"3,983",-0.633,352,4,4
0,6800,קריית אתא,QIRYAT ATTA,6,6,13,"4,102",-0.382,438,5,4
0,6800,קריית אתא,QIRYAT ATTA,6,6,12,"4,998",-0.272,502,5,4
0,6800,קריית אתא,QIRYAT ATTA,6,6,23,"4,924",-0.163,570,5,5
0,6800,קריית אתא,QIRYAT ATTA,6,6,32,"3,360",-0.104,604,5,4
0,6800,קריית אתא,QIRYAT ATTA,6,6,24,"5,953",0.089,734,5,5
0,6800,קריית אתא,QIRYAT ATTA,6,6,22,"5,456",0.119,758,6,6
0,6800,קריית אתא,QIRYAT ATTA,6,6,21,"6,464",0.143,776,6,6
0,6800,קריית אתא,QIRYAT ATTA,6,6,31,"4,344",0.252,837,6,6
0,6800,קריית אתא,QIRYAT ATTA,6,6,25,"8,498",0.504,985,7,7
0,6800,קריית אתא,QIRYAT ATTA,6,6,11,"6,483",1.37,1404,8,9
0,2620,קריית אונו,QIRYAT ONO,9,9,7,"1,188",0.323,890,6,6
0,2620,קריית אונו,QIRYAT ONO,9,9,4,"4,570",1.08,1268,8,8
0,2620,קריית אונו,QIRYAT ONO,9,9,5,"4,061",1.223,1321,8,8
0,2620,קריית אונו,QIRYAT ONO,9,9,6,"4,469",1.287,1354,8,8
0,2620,קריית אונו,QIRYAT ONO,9,9,1,"5,716",1.667,1509,9,9
0,2620,קריית אונו,QIRYAT ONO,9,9,3,"8,858",1.701,1516,9,9
0,2620,קריית אונו,QIRYAT ONO,9,9,2,"4,338",1.858,1562,10,9
0,2620,קריית אונו,QIRYAT ONO,9,9,8,"7,079",2.232,1622,10,10
99,195,קדימה-צורן,QADIMA-ZORAN,8,8,5,"3,011",0.467,966,7,6
99,195,קדימה-צורן,QADIMA-ZORAN,8,8,4,"5,965",1.028,1244,8,8
99,195,קדימה-צורן,QADIMA-ZORAN,8,8,1,"5,918",1.333,1387,8,9
99,195,קדימה-צורן,QADIMA-ZORAN,8,8,3,"3,882",1.617,1493,9,9
99,195,קדימה-צורן,QADIMA-ZORAN,8,8,2,"3,637",1.664,1508,9,9
0,8000,צפת,ZEFAT,2,2,6,"6,130",-2.653,10,1,1
0,8000,צפת,ZEFAT,2,2,7,"4,817",-1.598,125,2,2
0,8000,צפת,ZEFAT,2,2,5,"4,090",-1.572,130,2,2
0,8000,צפת,ZEFAT,2,2,4,"4,119",-1.562,132,2,2
0,8000,צפת,ZEFAT,2,2,2,"5,437",-1.382,167,2,2
0,8000,צפת,ZEFAT,2,2,3,581,-1.084,225,2,1
0,8000,צפת,ZEFAT,2,2,11,483,-0.358,449,5,4
0,8000,צפת,ZEFAT,2,2,1,"4,054",-0.265,508,5,4
0,8000,צפת,ZEFAT,2,2,8,"4,651",-0.209,549,5,4
0,8000,צפת,ZEFAT,2,2,10,"1,695",0.239,827,6,6
0,7900,פתח תקווה,PETAH TIQWA,7,7,513,"3,499",-0.641,350,4,4
0,7900,פתח תקווה,PETAH TIQWA,7,7,524,"5,107",-0.583,363,4,4
0,7900,פתח תקווה,PETAH TIQWA,7,7,523,"9,003",-0.448,413,4,4
0,7900,פתח תקווה,PETAH TIQWA,7,7,515,"1,753",-0.385,436,5,4
0,7900,פתח תקווה,PETAH TIQWA,7,7,311,"4,800",-0.317,478,5,4
0,7900,פתח תקווה,PETAH TIQWA,7,7,512,"3,407",-0.287,497,5,4
0,7900,פתח תקווה,PETAH TIQWA,7,7,412,"2,505",-0.215,544,5,5
0,7900,פתח תקווה,PETAH TIQWA,7,7,146,"1,381",-0.167,566,5,4
0,7900,פתח תקווה,PETAH TIQWA,7,7,313,"3,604",-0.163,571,5,5
0,7900,פתח תקווה,PETAH TIQWA,7,7,236,"3,775",-0.117,594,5,5
0,7900,פתח תקווה,PETAH TIQWA,7,7,312,"4,805",-0.1,607,5,5
0,7900,פתח תקווה,PETAH TIQWA,7,7,134,"1,607",-0.053,638,5,5
0,7900,פתח תקווה,PETAH TIQWA,7,7,415,"2,510",-0.031,650,5,5
0,7900,פתח תקווה,PETAH TIQWA,7,7,421,"3,174",-0.012,664,5,5
0,7900,פתח תקווה,PETAH TIQWA,7,7,145,"3,254",0.027,690,5,5
0,7900,פתח תקווה,PETAH TIQWA,7,7,234,"3,264",0.034,694,5,5
0,7900,פתח תקווה,PETAH TIQWA,7,7,132,551,0.043,701,5,6
0,7900,פתח תקווה,PETAH TIQWA,7,7,142,"1,444",0.053,710,5,5
0,7900,פתח תקווה,PETAH TIQWA,7,7,414,"3,663",0.089,733,5,5
0,7900,פתח תקווה,PETAH TIQWA,7,7,114,"3,587",0.094,737,5,5
0,7900,פתח תקווה,PETAH TIQWA,7,7,432,"2,712",0.097,740,5,5
0,7900,פתח תקווה,PETAH TIQWA,7,7,144,"2,138",0.113,752,6,5
0,7900,פתח תקווה,PETAH TIQWA,7,7,141,"1,624",0.122,761,6,6
0,7900,פתח תקווה,PETAH TIQWA,7,7,322,"2,441",0.129,769,6,6
0,7900,פתח תקווה,PETAH TIQWA,7,7,235,"2,675",0.158,785,6,6
0,7900,פתח תקווה,PETAH TIQWA,7,7,431,"2,538",0.16,787,6,6
0,7900,פתח תקווה,PETAH TIQWA,7,7,434,"1,460",0.255,838,6,5
0,7900,פתח תקווה,PETAH TIQWA,7,7,112,"4,508",0.256,841,6,6
0,7900,פתח תקווה,PETAH TIQWA,7,7,522,"6,759",0.286,855,6,6
0,7900,פתח תקווה,PETAH TIQWA,7,7,423,"5,584",0.318,883,6,6
0,7900,פתח תקווה,PETAH TIQWA,7,7,413,"1,984",0.362,911,6,6
0,7900,פתח תקווה,PETAH TIQWA,7,7,323,"2,894",0.366,913,6,7
0,7900,פתח תקווה,PETAH TIQWA,7,7,511,"1,967",0.368,915,6,6
0,7900,פתח תקווה,PETAH TIQWA,7,7,321,"4,491",0.37,916,6,6
0,7900,פתח תקווה,PETAH TIQWA,7,7,232,"3,268",0.374,920,6,6
0,7900,פתח תקווה,PETAH TIQWA,7,7,231,"6,361",0.457,963,7,7
0,7900,פתח תקווה,PETAH TIQWA,7,7,433,"4,082",0.463,965,7,7
0,7900,פתח תקווה,PETAH TIQWA,7,7,521,"5,474",0.497,983,7,7
0,7900,פתח תקווה,PETAH TIQWA,7,7,127,"2,292",0.532,1001,7,7
0,7900,פתח תקווה,PETAH TIQWA,7,7,143,"2,806",0.578,1021,7,7
0,7900,פתח תקווה,PETAH TIQWA,7,7,324,"3,115",0.591,1026,7,7
0,7900,פתח תקווה,PETAH TIQWA,7,7,424,"4,277",0.591,1027,7,7
0,7900,פתח תקווה,PETAH TIQWA,7,7,233,"3,088",0.611,1040,7,7
0,7900,פתח תקווה,PETAH TIQWA,7,7,133,"2,185",0.627,1046,7,7
0,7900,פתח תקווה,PETAH TIQWA,7,7,224,"3,114",0.661,1059,7,7
0,7900,פתח תקווה,PETAH TIQWA,7,7,514,768,0.729,1103,7,7
0,7900,פתח תקווה,PETAH TIQWA,7,7,411,"1,531",0.814,1135,7,7
0,7900,פתח תקווה,PETAH TIQWA,7,7,222,"3,352",0.947,1197,7,8
0,7900,פתח תקווה,PETAH TIQWA,7,7,422,"2,846",0.947,1199,7,7
0,7900,פתח תקווה,PETAH TIQWA,7,7,113,"6,283",0.953,1205,7,8
0,7900,פתח תקווה,PETAH TIQWA,7,7,223,"3,689",1.145,1295,8,8
0,7900,פתח תקווה,PETAH TIQWA,7,7,516,"1,269",1.204,1317,8,8
0,7900,פתח תקווה,PETAH TIQWA,7,7,115,"14,893",1.227,1324,8,8
0,7900,פתח תקווה,PETAH TIQWA,7,7,122,"5,006",1.287,1355,8,9
0,7900,פתח תקווה,PETAH TIQWA,7,7,128,881,1.29,1358,8,8
0,7900,פתח תקווה,PETAH TIQWA,7,7,221,"3,099",1.292,1360,8,9
0,7900,פתח תקווה,PETAH TIQWA,7,7,111,"1,914",1.317,1377,8,9
0,7900,פתח תקווה,PETAH TIQWA,7,7,121,"9,038",1.471,1444,9,9
0,7900,פתח תקווה,PETAH TIQWA,7,7,123,"3,600",1.5,1447,9,9
0,7900,פתח תקווה,PETAH TIQWA,7,7,212,"7,716",1.518,1454,9,9
0,7900,פתח תקווה,PETAH TIQWA,7,7,211,"6,845",1.545,1464,9,9
0,7900,פתח תקווה,PETAH TIQWA,7,7,129,"10,475",1.58,1474,9,9
0,7900,פתח תקווה,PETAH TIQWA,7,7,213,"1,334",1.599,1484,9,9
0,7900,פתח תקווה,PETAH TIQWA,7,7,214,"6,128",1.637,1498,9,9
0,7900,פתח תקווה,PETAH TIQWA,7,7,131,"5,264",1.802,1549,9,9
99,7800,פרדס חנה-כרכור,PARDES HANNA-KARKUR,7,7,9,"6,074",0.007,677,5,5
99,7800,פרדס חנה-כרכור,PARDES HANNA-KARKUR,7,7,8,"5,034",0.236,823,6,6
99,7800,פרדס חנה-כרכור,PARDES HANNA-KARKUR,7,7,7,"3,334",0.568,1017,7,6
99,7800,פרדס חנה-כרכור,PARDES HANNA-KARKUR,7,7,5,"3,409",0.604,1036,7,7
99,7800,פרדס חנה-כרכור,PARDES HANNA-KARKUR,7,7,10,"5,410",0.619,1043,7,7
99,7800,פרדס חנה-כרכור,PARDES HANNA-KARKUR,7,7,6,"3,279",0.716,1090,7,7
99,7800,פרדס חנה-כרכור,PARDES HANNA-KARKUR,7,7,4,"1,533",1.133,1289,8,8
99,7800,פרדס חנה-כרכור,PARDES HANNA-KARKUR,7,7,3,"5,523",1.192,1315,8,8
99,7800,פרדס חנה-כרכור,PARDES HANNA-KARKUR,7,7,2,"4,142",1.206,1318,8,8
99,7800,פרדס חנה-כרכור,PARDES HANNA-KARKUR,7,7,1,"4,875",1.422,1428,9,9
0,2560,ערד,ARAD,3,4,2,"4,324",-1.159,210,2,3
0,2560,ערד,ARAD,3,4,1,"4,917",-0.948,258,3,3
0,2560,ערד,ARAD,3,4,3,"6,415",-0.929,262,3,3
0,2560,ערד,ARAD,3,4,5,"5,455",-0.525,381,4,4
0,2560,ערד,ARAD,3,4,6,"5,535",-0.025,653,5,6
0,7700,עפולה,AFULA,5,5,13,"3,495",-1.39,165,2,3
0,7700,עפולה,AFULA,5,5,15,"4,538",-1.247,188,2,3
0,7700,עפולה,AFULA,5,5,16,"3,872",-0.757,317,3,3
0,7700,עפולה,AFULA,5,5,11,"3,391",-0.743,318,3,4
0,7700,עפולה,AFULA,5,5,24,"4,700",-0.421,426,4,4
0,7700,עפולה,AFULA,5,5,23,"5,802",-0.092,612,5,5
0,7700,עפולה,AFULA,5,5,25,"5,311",-0.054,637,5,5
0,7700,עפולה,AFULA,5,5,12,"2,008",0.061,716,5,5
0,7700,עפולה,AFULA,5,5,21,"9,091",0.264,845,6,6
0,7700,עפולה,AFULA,5,5,18,"6,814",0.331,895,6,7
0,7700,עפולה,AFULA,5,5,26,"4,775",0.412,944,6,7
0,7600,עכו,AKKO,4,4,33,"3,365",-1.508,141,2,2
0,7600,עכו,AKKO,4,4,26,"2,450",-1.464,150,2,2
0,7600,עכו,AKKO,4,4,24,"2,901",-1.327,176,2,2
0,7600,עכו,AKKO,4,4,25,"1,512",-0.913,270,3,3
0,7600,עכו,AKKO,4,4,21,"2,906",-0.668,344,3,3
0,7600,עכו,AKKO,4,4,34,"1,120",-0.493,390,4,3
0,7600,עכו,AKKO,4,4,32,"6,100",-0.468,401,4,4
0,7600,עכו,AKKO,4,4,35,"1,685",-0.4,430,4,4
0,7600,עכו,AKKO,4,4,13,"5,427",-0.318,477,5,4
0,7600,עכו,AKKO,4,4,23,"3,316",-0.306,485,5,4
0,7600,עכו,AKKO,4,4,12,"4,228",-0.247,524,5,4
0,7600,עכו,AKKO,4,4,31,"2,836",-0.16,574,5,4
0,7600,עכו,AKKO,4,4,11,"2,127",-0.155,580,5,5
0,7600,עכו,AKKO,4,4,14,"3,154",-0.141,587,5,5
0,7600,עכו,AKKO,4,4,15,"3,443",0.195,801,6,6
0,7600,עכו,AKKO,4,4,22,"2,479",0.843,1149,7,8
0,7400,נתניה,NETANYA,6,6,223,"3,681",-1.387,166,2,2
0,7400,נתניה,NETANYA,6,6,322,"6,979",-1.093,220,2,5
0,7400,נתניה,NETANYA,6,6,211,"3,953",-0.877,280,3,3
0,7400,נתניה,NETANYA,6,6,431,"5,027",-0.797,308,3,3
0,7400,נתניה,NETANYA,6,6,311,"2,794",-0.784,313,3,3
0,7400,נתניה,NETANYA,6,6,312,"2,146",-0.715,325,3,4
0,7400,נתניה,NETANYA,6,6,422,"4,977",-0.671,342,3,3
0,7400,נתניה,NETANYA,6,6,512,"1,649",-0.589,361,4,4
0,7400,נתניה,NETANYA,6,6,522,"3,207",-0.581,365,4,4
0,7400,נתניה,NETANYA,6,6,113,"4,812",-0.466,402,4,3
0,7400,נתניה,NETANYA,6,6,313,"2,730",-0.457,407,4,4
0,7400,נתניה,NETANYA,6,6,212,"3,397",-0.356,450,5,4
0,7400,נתניה,NETANYA,6,6,421,"3,731",-0.35,457,5,4
0,7400,נתניה,NETANYA,6,6,333,"3,464",-0.343,461,5,4
0,7400,נתניה,NETANYA,6,6,324,"2,018",-0.33,466,5,4
0,7400,נתניה,NETANYA,6,6,432,"1,754",-0.299,490,5,4
0,7400,נתניה,NETANYA,6,6,332,"2,321",-0.295,492,5,4
0,7400,נתניה,NETANYA,6,6,521,"4,371",-0.268,505,5,4
0,7400,נתניה,NETANYA,6,6,321,"3,477",-0.257,518,5,5
0,7400,נתניה,NETANYA,6,6,331,"2,494",-0.237,535,5,5
0,7400,נתניה,NETANYA,6,6,352,"10,566",-0.201,552,5,4
0,7400,נתניה,NETANYA,6,6,343,"2,733",-0.191,557,5,4
0,7400,נתניה,NETANYA,6,6,351,"5,931",-0.157,577,5,5
0,7400,נתניה,NETANYA,6,6,221,"4,535",-0.111,598,5,5
0,7400,נתניה,NETANYA,6,6,355,"2,047",-0.105,602,5,6
0,7400,נתניה,NETANYA,6,6,323,"3,516",-0.1,606,5,5
0,7400,נתניה,NETANYA,6,6,233,"3,123",-0.094,610,5,5
0,7400,נתניה,NETANYA,6,6,232,"3,528",-0.09,614,5,5
0,7400,נתניה,NETANYA,6,6,231,"5,004",-0.087,620,5,5
0,7400,נתניה,NETANYA,6,6,511,"3,521",-0.086,621,5,5
0,7400,נתניה,NETANYA,6,6,222,"2,349",-0.024,656,5,5
0,7400,נתניה,NETANYA,6,6,334,"3,032",0.007,678,5,5
0,7400,נתניה,NETANYA,6,6,243,"3,644",0.036,696,5,5
0,7400,נתניה,NETANYA,6,6,241,"4,757",0.046,704,5,5
0,7400,נתניה,NETANYA,6,6,513,"3,071",0.048,705,5,5
0,7400,נתניה,NETANYA,6,6,213,"3,678",0.079,727,5,5
0,7400,נתניה,NETANYA,6,6,353,974,0.08,729,5,5
0,7400,נתניה,NETANYA,6,6,112,"3,011",0.113,753,6,5
0,7400,נתניה,NETANYA,6,6,341,"4,322",0.218,809,6,6
0,7400,נתניה,NETANYA,6,6,114,"9,303",0.334,899,6,6
0,7400,נתניה,NETANYA,6,6,342,"2,802",0.356,907,6,7
0,7400,נתניה,NETANYA,6,6,242,"3,187",0.364,912,6,6
0,7400,נתניה,NETANYA,6,6,354,"2,609",0.402,935,6,7
0,7400,נתניה,NETANYA,6,6,411,"1,733",0.45,960,7,7
0,7400,נתניה,NETANYA,6,6,412,"1,843",0.627,1048,7,7
0,7400,נתניה,NETANYA,6,6,413,"4,119",0.675,1068,7,7
0,7400,נתניה,NETANYA,6,6,523,"4,029",0.683,1071,7,7
0,7400,נתניה,NETANYA,6,6,117,"6,966",0.716,1091,7,7
0,7400,נתניה,NETANYA,6,6,414,"4,803",1.03,1246,8,8
0,7400,נתניה,NETANYA,6,6,116,"5,015",1.047,1252,8,8
0,7400,נתניה,NETANYA,6,6,111,829,1.05,1253,8,8
0,7400,נתניה,NETANYA,6,6,534,"2,776",1.101,1274,8,9
0,7400,נתניה,NETANYA,6,6,115,"11,389",1.191,1314,8,9
0,7400,נתניה,NETANYA,6,6,122,753,1.232,1329,8,8
0,7400,נתניה,NETANYA,6,6,532,"4,002",1.255,1336,8,9
0,7400,נתניה,NETANYA,6,6,533,"4,179",1.288,1356,8,9
0,7400,נתניה,NETANYA,6,6,531,"7,827",1.315,1375,8,9
0,246,נתיבות,NETIVOT,3,3,1,"2,032",-1.381,168,2,2
0,246,נתיבות,NETIVOT,3,3,5,"5,235",-1.325,177,2,2
0,246,נתיבות,NETIVOT,3,3,2,"5,883",-1.289,181,2,2
0,246,נתיבות,NETIVOT,3,3,7,"9,321",-0.582,364,4,3
0,246,נתיבות,NETIVOT,3,3,4,"3,445",-0.485,392,4,4
0,246,נתיבות,NETIVOT,3,3,6,"8,445",-0.291,495,5,4
0,246,נתיבות,NETIVOT,3,3,8,"3,130",-0.247,525,5,4
0,2500,נשר,NESHER,7,7,2,"3,477",-0.664,345,3,3
0,2500,נשר,NESHER,7,7,3,"2,610",0.019,682,5,5
0,2500,נשר,NESHER,7,7,1,171,0.261,844,6,..
0,2500,נשר,NESHER,7,7,6,"3,359",0.378,922,6,6
0,2500,נשר,NESHER,7,7,5,"3,603",0.785,1124,7,7
0,2500,נשר,NESHER,7,7,4,"3,804",0.958,1209,7,8
0,2500,נשר,NESHER,7,7,7,"7,123",1.372,1407,8,9
0,7300,נצרת,NAZARETH,3,3,42,"4,858",-1.21,195,2,2
0,7300,נצרת,NAZARETH,3,3,44,"2,101",-1.184,203,2,2
0,7300,נצרת,NAZARETH,3,3,43,"3,084",-1.168,207,2,2
0,7300,נצרת,NAZARETH,3,3,33,"3,746",-1.086,223,2,2
0,7300,נצרת,NAZARETH,3,3,31,"3,530",-1.061,231,2,3
0,7300,נצרת,NAZARETH,3,3,12,"6,385",-0.946,259,3,3
0,7300,נצרת,NAZARETH,3,3,32,"8,476",-0.846,290,3,3
0,7300,נצרת,NAZARETH,3,3,34,"5,547",-0.828,296,3,3
0,7300,נצרת,NAZARETH,3,3,21,"2,162",-0.797,307,3,3
0,7300,נצרת,NAZARETH,3,3,13,"5,633",-0.731,321,3,3
0,7300,נצרת,NAZARETH,3,3,14,"1,267",-0.726,323,3,3
0,7300,נצרת,NAZARETH,3,3,22,"3,564",-0.536,378,4,3
0,7300,נצרת,NAZARETH,3,3,15,"5,991",-0.5,389,4,4
0,7300,נצרת,NAZARETH,3,3,41,"4,960",-0.386,435,5,4
0,7300,נצרת,NAZARETH,3,3,23,"3,163",-0.09,613,5,5
0,7300,נצרת,NAZARETH,3,3,35,"8,348",-0.089,615,5,4
0,7300,נצרת,NAZARETH,3,3,45,"2,298",-0.076,629,5,4
0,7300,נצרת,NAZARETH,3,3,11,"2,245",0.377,921,6,6
0,7200,נס ציונה,NES ZIYYONA,8,9,1,"4,044",0.407,941,6,6
0,7200,נס ציונה,NES ZIYYONA,8,9,3,"3,326",0.653,1057,7,7
0,7200,נס ציונה,NES ZIYYONA,8,9,4,"4,360",0.729,1102,7,7
0,7200,נס ציונה,NES ZIYYONA,8,9,7,"6,094",1.061,1256,8,8
0,7200,נס ציונה,NES ZIYYONA,8,9,8,"6,457",1.162,1306,8,8
0,7200,נס ציונה,NES ZIYYONA,8,9,2,"6,479",1.53,1459,9,9
0,7200,נס ציונה,NES ZIYYONA,8,9,11,"6,403",1.663,1507,9,9
0,7200,נס ציונה,NES ZIYYONA,8,9,5,"3,802",1.847,1560,10,9
0,7200,נס ציונה,NES ZIYYONA,8,9,6,"8,805",1.863,1563,10,10
0,1061,נוף הגליל,NOF HAGALIL,5,5,22,"3,301",-0.831,295,3,3
0,1061,נוף הגליל,NOF HAGALIL,5,5,23,"2,059",-0.78,316,3,3
0,1061,נוף הגליל,NOF HAGALIL,5,5,41,"2,999",-0.708,326,3,4
0,1061,נוף הגליל,NOF HAGALIL,5,5,33,"2,602",-0.679,336,3,4
0,1061,נוף הגליל,NOF HAGALIL,5,5,34,"2,894",-0.588,362,4,4
0,1061,נוף הגליל,NOF HAGALIL,5,5,24,"2,853",-0.274,501,5,5
0,1061,נוף הגליל,NOF HAGALIL,5,5,12,"3,648",-0.245,528,5,5
0,1061,נוף הגליל,NOF HAGALIL,5,5,42,"1,545",-0.224,540,5,4
0,1061,נוף הגליל,NOF HAGALIL,5,5,21,"3,479",-0.001,670,5,5
0,1061,נוף הגליל,NOF HAGALIL,5,5,43,"4,612",0.037,697,5,5
0,1061,נוף הגליל,NOF HAGALIL,5,5,31,"2,708",0.258,843,6,6
0,1061,נוף הגליל,NOF HAGALIL,5,5,11,"6,760",0.329,894,6,6
0,1061,נוף הגליל,NOF HAGALIL,5,5,32,"2,100",0.926,1185,7,7
0,9100,נהרייה,NAHARIYYA,6,6,14,"2,823",-0.873,282,3,3
0,9100,נהרייה,NAHARIYYA,6,6,22,"1,732",-0.848,289,3,3
0,9100,נהרייה,NAHARIYYA,6,6,21,"4,656",-0.615,356,4,3
0,9100,נהרייה,NAHARIYYA,6,6,24,"4,078",-0.008,668,5,5
0,9100,נהרייה,NAHARIYYA,6,6,13,"5,613",0.228,814,6,6
0,9100,נהרייה,NAHARIYYA,6,6,34,"3,228",0.267,846,6,6
0,9100,נהרייה,NAHARIYYA,6,6,23,"6,896",0.315,880,6,6
0,9100,נהרייה,NAHARIYYA,6,6,32,"4,493",0.431,954,7,7
0,9100,נהרייה,NAHARIYYA,6,6,43,"3,420",0.449,959,7,7
0,9100,נהרייה,NAHARIYYA,6,6,33,"3,903",0.459,964,7,7
0,9100,נהרייה,NAHARIYYA,6,6,41,"5,745",0.503,984,7,7
0,9100,נהרייה,NAHARIYYA,6,6,31,"4,295",0.544,1007,7,7
0,9100,נהרייה,NAHARIYYA,6,6,42,"7,076",0.928,1187,7,8
0,1063,מעלות-תרשיחא,MA'ALOT-TARSHIHA,5,5,5,"4,956",-0.782,315,3,3
0,1063,מעלות-תרשיחא,MA'ALOT-TARSHIHA,5,5,3,"4,080",0.048,706,5,5
0,1063,מעלות-תרשיחא,MA'ALOT-TARSHIHA,5,5,4,"4,734",0.065,718,5,6
0,1063,מעלות-תרשיחא,MA'ALOT-TARSHIHA,5,5,6,"3,782",0.126,766,6,5
0,1063,מעלות-תרשיחא,MA'ALOT-TARSHIHA,5,5,1,"4,220",0.575,1018,7,7
0,3616,מעלה אדומים,MA'ALE ADUMMIM,6,6,6,"2,244",-0.369,446,5,4
0,3616,מעלה אדומים,MA'ALE ADUMMIM,6,6,5,"3,955",-0.247,526,5,4
0,3616,מעלה אדומים,MA'ALE ADUMMIM,6,6,1,213,-0.241,532,5,4
0,3616,מעלה אדומים,MA'ALE ADUMMIM,6,6,7,"3,812",0.295,862,6,6
0,3616,מעלה אדומים,MA'ALE ADUMMIM,6,6,2,"4,058",0.358,908,6,6
0,3616,מעלה אדומים,MA'ALE ADUMMIM,6,6,4,"3,565",0.392,928,6,6
0,3616,מעלה אדומים,MA'ALE ADUMMIM,6,6,3,"7,502",0.469,968,7,6
0,3616,מעלה אדומים,MA'ALE ADUMMIM,6,6,9,"4,620",0.471,969,7,6
0,3616,מעלה אדומים,MA'ALE ADUMMIM,6,6,10,"3,477",0.549,1011,7,7
0,3616,מעלה אדומים,MA'ALE ADUMMIM,6,6,8,"4,595",0.583,1025,7,7
0,3797,מודיעין עילית,MODI'IN ILLIT,1,1,3,"4,647",-2.529,14,1,1
0,3797,מודיעין עילית,MODI'IN ILLIT,1,1,4,"7,939",-2.421,18,1,1
0,3797,מודיעין עילית,MODI'IN ILLIT,1,1,8,"9,121",-2.411,19,1,1
0,3797,מודיעין עילית,MODI'IN ILLIT,1,1,9,"13,859",-2.304,24,1,1
0,3797,מודיעין עילית,MODI'IN ILLIT,1,1,7,"12,569",-2.267,28,1,1
0,3797,מודיעין עילית,MODI'IN ILLIT,1,1,10,"6,050",-2.263,29,1,1
0,3797,מודיעין עילית,MODI'IN ILLIT,1,1,2,"13,380",-2.091,39,1,1
0,3797,מודיעין עילית,MODI'IN ILLIT,1,1,6,"4,159",-2.013,47,1,1
0,3797,מודיעין עילית,MODI'IN ILLIT,1,1,5,"4,648",-1.888,73,1,1
0,1200,מודיעין-מכבים-רעות,MODI'IN-MAKKABBIM-RE'UT,9,9,14,140,0.942,1196,7,..
0,1200,מודיעין-מכבים-רעות,MODI'IN-MAKKABBIM-RE'UT,9,9,13,"4,858",1.166,1308,8,8
0,1200,מודיעין-מכבים-רעות,MODI'IN-MAKKABBIM-RE'UT,9,9,21,"12,328",1.223,1322,8,8
0,1200,מודיעין-מכבים-רעות,MODI'IN-MAKKABBIM-RE'UT,9,9,12,"4,595",1.23,1327,8,8
0,1200,מודיעין-מכבים-רעות,MODI'IN-MAKKABBIM-RE'UT,9,9,16,"3,497",1.233,1330,8,8
0,1200,מודיעין-מכבים-רעות,MODI'IN-MAKKABBIM-RE'UT,9,9,22,"6,856",1.255,1337,8,8
0,1200,מודיעין-מכבים-רעות,MODI'IN-MAKKABBIM-RE'UT,9,9,26,"4,909",1.258,1341,8,8
0,1200,מודיעין-מכבים-רעות,MODI'IN-MAKKABBIM-RE'UT,9,9,24,"6,660",1.261,1342,8,8
0,1200,מודיעין-מכבים-רעות,MODI'IN-MAKKABBIM-RE'UT,9,9,31,"2,914",1.319,1379,8,9
0,1200,מודיעין-מכבים-רעות,MODI'IN-MAKKABBIM-RE'UT,9,9,15,"6,194",1.323,1380,8,9
0,1200,מודיעין-מכבים-רעות,MODI'IN-MAKKABBIM-RE'UT,9,9,23,"5,136",1.325,1381,8,9
0,1200,מודיעין-מכבים-רעות,MODI'IN-MAKKABBIM-RE'UT,9,9,25,"4,832",1.365,1402,8,9
0,1200,מודיעין-מכבים-רעות,MODI'IN-MAKKABBIM-RE'UT,9,9,17,"4,098",1.37,1405,8,9
0,1200,מודיעין-מכבים-רעות,MODI'IN-MAKKABBIM-RE'UT,9,9,34,"9,187",1.404,1421,9,9
0,1200,מודיעין-מכבים-רעות,MODI'IN-MAKKABBIM-RE'UT,9,9,11,"3,094",1.425,1430,9,9
0,1200,מודיעין-מכבים-רעות,MODI'IN-MAKKABBIM-RE'UT,9,9,33,"5,930",1.578,1473,9,9
0,1200,מודיעין-מכבים-רעות,MODI'IN-MAKKABBIM-RE'UT,9,9,41,"2,941",2.287,1626,10,10
0,1200,מודיעין-מכבים-רעות,MODI'IN-MAKKABBIM-RE'UT,9,9,42,"2,812",2.333,1627,10,10
0,1200,מודיעין-מכבים-רעות,MODI'IN-MAKKABBIM-RE'UT,9,9,43,"2,288",2.532,1635,10,10
0,874,מגדל העמק,MIGDAL HAEMEQ,5,4,3,"3,965",-1.11,215,2,3
0,874,מגדל העמק,MIGDAL HAEMEQ,5,4,2,"3,263",-1.031,240,2,3
0,874,מגדל העמק,MIGDAL HAEMEQ,5,4,1,"3,842",-0.928,263,3,3
0,874,מגדל העמק,MIGDAL HAEMEQ,5,4,5,"3,032",-0.451,411,4,4
0,874,מגדל העמק,MIGDAL HAEMEQ,5,4,8,150,0.161,788,6,5
0,874,מגדל העמק,MIGDAL HAEMEQ,5,4,6,"5,307",0.238,825,6,6
0,874,מגדל העמק,MIGDAL HAEMEQ,5,4,7,"2,767",0.343,905,6,6
0,874,מגדל העמק,MIGDAL HAEMEQ,5,4,9,"3,205",0.488,979,7,7
99,1015,מבשרת ציון,MEVASSERET ZIYYON,8,8,6,"3,686",0.6,1034,7,7
99,1015,מבשרת ציון,MEVASSERET ZIYYON,8,8,2,"5,819",0.857,1154,7,7
99,1015,מבשרת ציון,MEVASSERET ZIYYON,8,8,5,"4,683",0.875,1158,7,7
99,1015,מבשרת ציון,MEVASSERET ZIYYON,8,8,4,"2,172",1.345,1393,8,7
99,1015,מבשרת ציון,MEVASSERET ZIYYON,8,8,3,"4,312",1.77,1539,9,9
99,1015,מבשרת ציון,MEVASSERET ZIYYON,8,8,1,"3,257",1.776,1541,9,9
0,7000,לוד,LOD,4,4,44,"4,816",-2.081,41,1,1
0,7000,לוד,LOD,4,4,12,"6,293",-1.897,71,1,1
0,7000,לוד,LOD,4,4,15,"4,287",-1.708,108,1,1
0,7000,לוד,LOD,4,4,14,"3,967",-1.199,199,2,2
0,7000,לוד,LOD,4,4,41,"2,864",-0.893,275,3,3
0,7000,לוד,LOD,4,4,43,"1,757",-0.721,324,3,3
0,7000,לוד,LOD,4,4,42,"6,792",-0.679,335,3,3
0,7000,לוד,LOD,4,4,31,"2,320",-0.503,388,4,4
0,7000,לוד,LOD,4,4,32,"4,778",-0.439,418,4,4
0,7000,לוד,LOD,4,4,13,"7,347",-0.329,468,5,4
0,7000,לוד,LOD,4,4,22,"3,559",-0.256,519,5,4
0,7000,לוד,LOD,4,4,52,"2,779",0.005,676,5,5
0,7000,לוד,LOD,4,4,25,"3,034",0.036,695,5,5
0,7000,לוד,LOD,4,4,23,"5,977",0.064,717,5,5
0,7000,לוד,LOD,4,4,21,"4,175",0.11,750,5,5
0,7000,לוד,LOD,4,4,53,"3,260",0.143,775,6,5
0,7000,לוד,LOD,4,4,54,"2,276",0.15,778,6,5
0,7000,לוד,LOD,4,4,24,"3,121",0.279,852,6,6
0,7000,לוד,LOD,4,4,51,"3,385",0.383,925,6,6
0,1139,כרמיאל,KARMI'EL,6,6,12,"4,098",-1.127,213,2,3
0,1139,כרמיאל,KARMI'EL,6,6,13,"3,778",-0.517,382,4,4
0,1139,כרמיאל,KARMI'EL,6,6,14,"3,607",-0.258,515,5,4
0,1139,כרמיאל,KARMI'EL,6,6,23,"4,154",-0.011,666,5,5
0,1139,כרמיאל,KARMI'EL,6,6,31,"2,043",0.021,684,5,5
0,1139,כרמיאל,KARMI'EL,6,6,21,"2,575",0.087,731,5,5
0,1139,כרמיאל,KARMI'EL,6,6,24,"4,517",0.157,784,6,6
0,1139,כרמיאל,KARMI'EL,6,6,33,"4,966",0.236,824,6,6
0,1139,כרמיאל,KARMI'EL,6,6,35,"3,690",0.251,834,6,6
0,1139,כרמיאל,KARMI'EL,6,6,34,"5,640",0.541,1004,7,7
0,1139,כרמיאל,KARMI'EL,6,6,22,"2,591",0.652,1056,7,7
0,1139,כרמיאל,KARMI'EL,6,6,32,"4,512",1.146,1297,8,9
0,6900,כפר סבא,KEFAR SAVA,8,8,12,"4,862",0.12,760,6,5
0,6900,כפר סבא,KEFAR SAVA,8,8,11,"3,323",0.637,1053,7,7
0,6900,כפר סבא,KEFAR SAVA,8,8,44,"4,666",0.639,1054,7,7
0,6900,כפר סבא,KEFAR SAVA,8,8,54,"3,454",0.881,1168,7,8
0,6900,כפר סבא,KEFAR SAVA,8,8,51,"4,560",0.899,1173,7,7
0,6900,כפר סבא,KEFAR SAVA,8,8,55,"3,232",0.962,1213,7,8
0,6900,כפר סבא,KEFAR SAVA,8,8,56,"3,457",0.966,1218,7,7
0,6900,כפר סבא,KEFAR SAVA,8,8,52,"3,111",0.982,1225,7,7
0,6900,כפר סבא,KEFAR SAVA,8,8,35,"2,061",1.051,1254,8,8
0,6900,כפר סבא,KEFAR SAVA,8,8,36,"3,469",1.079,1266,8,8
0,6900,כפר סבא,KEFAR SAVA,8,8,43,"2,716",1.126,1286,8,8
0,6900,כפר סבא,KEFAR SAVA,8,8,41,"3,527",1.207,1319,8,8
0,6900,כפר סבא,KEFAR SAVA,8,8,45,"2,739",1.264,1344,8,9
0,6900,כפר סבא,KEFAR SAVA,8,8,32,"2,566",1.297,1364,8,9
0,6900,כפר סבא,KEFAR SAVA,8,8,37,"3,199",1.302,1369,8,8
0,6900,כפר סבא,KEFAR SAVA,8,8,42,"2,355",1.317,1378,8,9
0,6900,כפר סבא,KEFAR SAVA,8,8,13,"5,324",1.353,1398,8,9
0,6900,כפר סבא,KEFAR SAVA,8,8,53,"3,246",1.36,1400,8,9
0,6900,כפר סבא,KEFAR SAVA,8,8,33,"2,561",1.384,1412,9,9
0,6900,כפר סבא,KEFAR SAVA,8,8,34,"3,614",1.441,1433,9,9
0,6900,כפר סבא,KEFAR SAVA,8,8,31,"2,718",1.464,1443,9,9
0,6900,כפר סבא,KEFAR SAVA,8,8,21,"11,298",1.507,1450,9,9
0,6900,כפר סבא,KEFAR SAVA,8,8,16,"1,657",1.519,1456,9,9
0,6900,כפר סבא,KEFAR SAVA,8,8,15,"4,366",1.568,1470,9,9
0,6900,כפר סבא,KEFAR SAVA,8,8,22,"12,864",1.779,1543,9,9
0,168,כפר יונה,KEFAR YONA,7,7,1,"9,130",0.665,1062,7,7
0,168,כפר יונה,KEFAR YONA,7,7,2,"6,699",0.838,1145,7,7
0,168,כפר יונה,KEFAR YONA,7,7,3,"8,891",0.947,1198,7,7
99,1224,כוכב יאיר,KOKHAV YA'IR,10,9,4,"2,969",1.591,1480,9,9
99,1224,כוכב יאיר,KOKHAV YA'IR,10,9,3,"2,139",1.645,1500,9,9
99,1224,כוכב יאיר,KOKHAV YA'IR,10,9,1,"2,183",2.029,1602,10,10
99,1224,כוכב יאיר,KOKHAV YA'IR,10,9,2,"1,412",2.239,1623,10,10
0,3000,ירושלים,JERUSALEM,2,3,821,"8,612",-3.394,2,1,1
0,3000,ירושלים,JERUSALEM,2,3,825,"2,887",-3.052,4,1,1
0,3000,ירושלים,JERUSALEM,2,3,823,"4,139",-3.034,5,1,1
0,3000,ירושלים,JERUSALEM,2,3,2212,"22,258",-2.785,7,1,1
0,3000,ירושלים,JERUSALEM,2,3,822,"6,878",-2.746,9,1,1
0,3000,ירושלים,JERUSALEM,2,3,835,"2,470",-2.613,11,1,1
0,3000,ירושלים,JERUSALEM,2,3,2213,"11,336",-2.6,12,1,1
0,3000,ירושלים,JERUSALEM,2,3,826,"6,060",-2.543,13,1,1
0,3000,ירושלים,JERUSALEM,2,3,513,"4,081",-2.485,16,1,1
0,3000,ירושלים,JERUSALEM,2,3,824,"9,446",-2.463,17,1,1
0,3000,ירושלים,JERUSALEM,2,3,2111,"35,915",-2.406,21,1,1
0,3000,ירושלים,JERUSALEM,2,3,2311,"19,591",-2.271,27,1,1
0,3000,ירושלים,JERUSALEM,2,3,2511,"22,339",-2.242,30,1,1
0,3000,ירושלים,JERUSALEM,2,3,2611,"19,514",-2.24,31,1,1
0,3000,ירושלים,JERUSALEM,2,3,532,"4,876",-2.192,33,1,1
0,3000,ירושלים,JERUSALEM,2,3,836,"4,120",-2.177,34,1,1
0,3000,ירושלים,JERUSALEM,2,3,512,"2,735",-2.168,35,1,1
0,3000,ירושלים,JERUSALEM,2,3,2613,"21,220",-2.119,38,1,1
0,3000,ירושלים,JERUSALEM,2,3,2612,"12,373",-2.089,40,1,1
0,3000,ירושלים,JERUSALEM,2,3,2711,"25,369",-2.048,42,1,1
0,3000,ירושלים,JERUSALEM,2,3,514,"4,434",-2.046,43,1,1
0,3000,ירושלים,JERUSALEM,2,3,521,"4,392",-1.993,49,1,1
0,3000,ירושלים,JERUSALEM,2,3,913,"2,305",-1.992,50,1,1
0,3000,ירושלים,JERUSALEM,2,3,915,"6,537",-1.985,51,1,1
0,3000,ירושלים,JERUSALEM,2,3,515,"4,402",-1.974,52,1,1
0,3000,ירושלים,JERUSALEM,2,3,834,"3,901",-1.967,54,1,1
0,3000,ירושלים,JERUSALEM,2,3,533,"2,709",-1.966,56,1,1
0,3000,ירושלים,JERUSALEM,2,3,423,"5,614",-1.956,57,1,1
0,3000,ירושלים,JERUSALEM,2,3,2811,"19,184",-1.955,58,1,1
0,3000,ירושלים,JERUSALEM,2,3,831,513,-1.952,59,1,..
0,3000,ירושלים,JERUSALEM,2,3,2312,"29,503",-1.952,60,1,1
0,3000,ירושלים,JERUSALEM,2,3,812,"3,411",-1.94,64,1,1
0,3000,ירושלים,JERUSALEM,2,3,842,840,-1.94,65,1,1
0,3000,ירושלים,JERUSALEM,2,3,911,"3,051",-1.937,66,1,1
0,3000,ירושלים,JERUSALEM,2,3,2812,"4,668",-1.933,67,1,1
0,3000,ירושלים,JERUSALEM,2,3,425,"6,325",-1.924,68,1,1
0,3000,ירושלים,JERUSALEM,2,3,1034,"5,109",-1.918,69,1,1
0,3000,ירושלים,JERUSALEM,2,3,115,"4,640",-1.876,75,1,1
0,3000,ירושלים,JERUSALEM,2,3,2411,"13,875",-1.866,77,1,1
0,3000,ירושלים,JERUSALEM,2,3,2412,"6,250",-1.859,78,1,1
0,3000,ירושלים,JERUSALEM,2,3,424,"3,129",-1.847,79,1,1
0,3000,ירושלים,JERUSALEM,2,3,912,"5,123",-1.844,80,1,1
0,3000,ירושלים,JERUSALEM,2,3,1035,"5,630",-1.839,81,1,1
0,3000,ירושלים,JERUSALEM,2,3,2211,"23,573",-1.832,82,1,1
0,3000,ירושלים,JERUSALEM,2,3,114,"3,921",-1.832,83,1,1
0,3000,ירושלים,JERUSALEM,2,3,832,"3,823",-1.815,87,1,1
0,3000,ירושלים,JERUSALEM,2,3,833,"1,485",-1.804,90,1,1
0,3000,ירושלים,JERUSALEM,2,3,914,"8,365",-1.804,91,1,1
0,3000,ירושלים,JERUSALEM,2,3,111,"2,963",-1.753,100,1,1
0,3000,ירושלים,JERUSALEM,2,3,522,"4,120",-1.743,101,1,1
0,3000,ירושלים,JERUSALEM,2,3,113,"3,916",-1.739,102,1,1
0,3000,ירושלים,JERUSALEM,2,3,2512,"3,008",-1.729,103,1,1
0,3000,ירושלים,JERUSALEM,2,3,2112,"43,398",-1.724,105,1,1
0,3000,ירושלים,JERUSALEM,2,3,851,894,-1.701,111,1,1
0,3000,ירושלים,JERUSALEM,2,3,2514,"3,942",-1.61,119,2,1
0,3000,ירושלים,JERUSALEM,2,3,2513,"2,231",-1.593,128,2,2
0,3000,ירושלים,JERUSALEM,2,3,412,"4,767",-1.525,138,2,2
0,3000,ירושלים,JERUSALEM,2,3,531,"3,342",-1.506,142,2,2
0,3000,ירושלים,JERUSALEM,2,3,426,"5,665",-1.484,146,2,2
0,3000,ירושלים,JERUSALEM,2,3,112,"2,879",-1.477,148,2,2
0,3000,ירושלים,JERUSALEM,2,3,116,"7,022",-1.468,149,2,2
0,3000,ירושלים,JERUSALEM,2,3,411,"5,350",-1.431,153,2,2
0,3000,ירושלים,JERUSALEM,2,3,922,"3,261",-1.393,164,2,2
0,3000,ירושלים,JERUSALEM,2,3,921,"3,376",-1.35,172,2,2
0,3000,ירושלים,JERUSALEM,2,3,432,"5,023",-1.27,183,2,2
0,3000,ירושלים,JERUSALEM,2,3,841,"1,851",-1.215,194,2,2
0,3000,ירושלים,JERUSALEM,2,3,923,"6,359",-1.166,208,2,2
0,3000,ירושלים,JERUSALEM,2,3,413,"4,467",-1.128,212,2,2
0,3000,ירושלים,JERUSALEM,2,3,422,"3,708",-1.098,218,2,3
0,3000,ירושלים,JERUSALEM,2,3,1016,"3,874",-1.087,222,2,3
0,3000,ירושלים,JERUSALEM,2,3,523,"3,013",-1.058,232,2,3
0,3000,ירושלים,JERUSALEM,2,3,1032,"4,132",-1.046,236,2,3
0,3000,ירושלים,JERUSALEM,2,3,1031,"7,422",-1.035,239,2,3
0,3000,ירושלים,JERUSALEM,2,3,933,"4,651",-1.024,243,2,3
0,3000,ירושלים,JERUSALEM,2,3,1621,121,-0.927,264,3,3
0,3000,ירושלים,JERUSALEM,2,3,2911,"14,309",-0.905,273,3,3
0,3000,ירושלים,JERUSALEM,2,3,1631,"3,558",-0.882,278,3,3
0,3000,ירושלים,JERUSALEM,2,3,932,"6,099",-0.88,279,3,3
0,3000,ירושלים,JERUSALEM,2,3,434,"3,757",-0.861,284,3,3
0,3000,ירושלים,JERUSALEM,2,3,421,"6,223",-0.816,298,3,3
0,3000,ירושלים,JERUSALEM,2,3,1024,446,-0.787,312,3,3
0,3000,ירושלים,JERUSALEM,2,3,858,714,-0.703,330,3,4
0,3000,ירושלים,JERUSALEM,2,3,1211,"2,399",-0.686,333,3,3
0,3000,ירושלים,JERUSALEM,2,3,543,"1,261",-0.676,337,3,3
0,3000,ירושלים,JERUSALEM,2,3,1122,"4,991",-0.62,355,4,3
0,3000,ירושלים,JERUSALEM,2,3,843,790,-0.603,358,4,4
0,3000,ירושלים,JERUSALEM,2,3,934,"2,191",-0.6,359,4,4
0,3000,ירושלים,JERUSALEM,2,3,1132,"4,807",-0.59,360,4,4
0,3000,ירושלים,JERUSALEM,2,3,433,"2,583",-0.57,368,4,4
0,3000,ירושלים,JERUSALEM,2,3,861,913,-0.55,374,4,4
0,3000,ירושלים,JERUSALEM,2,3,931,"2,968",-0.529,380,4,4
0,3000,ירושלים,JERUSALEM,2,3,811,165,-0.473,400,4,3
0,3000,ירושלים,JERUSALEM,2,3,853,"1,765",-0.437,419,4,4
0,3000,ירושלים,JERUSALEM,2,3,1015,"5,534",-0.393,432,4,4
0,3000,ירושלים,JERUSALEM,2,3,1212,"3,185",-0.384,437,5,4
0,3000,ירושלים,JERUSALEM,2,3,1337,"2,829",-0.37,444,5,4
0,3000,ירושלים,JERUSALEM,2,3,1143,"4,438",-0.353,454,5,4
0,3000,ירושלים,JERUSALEM,2,3,1354,"2,477",-0.32,474,5,4
0,3000,ירושלים,JERUSALEM,2,3,431,"5,454",-0.314,479,5,4
0,3000,ירושלים,JERUSALEM,2,3,1141,"4,651",-0.294,493,5,4
0,3000,ירושלים,JERUSALEM,2,3,1344,"3,213",-0.264,509,5,4
0,3000,ירושלים,JERUSALEM,2,3,1641,"3,553",-0.246,527,5,5
0,3000,ירושלים,JERUSALEM,2,3,1213,"2,549",-0.221,542,5,4
0,3000,ירושלים,JERUSALEM,2,3,1221,"6,665",-0.208,550,5,5
0,3000,ירושלים,JERUSALEM,2,3,124,"2,283",-0.207,551,5,5
0,3000,ירושלים,JERUSALEM,2,3,125,"4,107",-0.181,561,5,5
0,3000,ירושלים,JERUSALEM,2,3,123,"4,833",-0.165,568,5,5
0,3000,ירושלים,JERUSALEM,2,3,1124,"4,108",-0.164,569,5,4
0,3000,ירושלים,JERUSALEM,2,3,1355,"2,950",-0.156,579,5,5
0,3000,ירושלים,JERUSALEM,2,3,862,"1,447",-0.145,584,5,4
0,3000,ירושלים,JERUSALEM,2,3,542,"3,508",-0.144,585,5,5
0,3000,ירושלים,JERUSALEM,2,3,848,"1,203",-0.124,591,5,4
0,3000,ירושלים,JERUSALEM,2,3,1353,"2,470",-0.109,599,5,5
0,3000,ירושלים,JERUSALEM,2,3,1142,"1,941",-0.087,619,5,5
0,3000,ירושלים,JERUSALEM,2,3,121,"4,969",-0.051,640,5,5
0,3000,ירושלים,JERUSALEM,2,3,855,"1,548",-0.045,644,5,5
0,3000,ירושלים,JERUSALEM,2,3,1633,"5,673",-0.032,649,5,5
0,3000,ירושלים,JERUSALEM,2,3,1632,"5,939",-0.026,652,5,5
0,3000,ירושלים,JERUSALEM,2,3,1123,"1,970",-0.021,658,5,6
0,3000,ירושלים,JERUSALEM,2,3,1625,"6,308",-0.01,667,5,5
0,3000,ירושלים,JERUSALEM,2,3,122,"3,241",0.024,685,5,5
0,3000,ירושלים,JERUSALEM,2,3,1624,"4,386",0.026,689,5,5
0,3000,ירושלים,JERUSALEM,2,3,1345,"1,682",0.049,709,5,5
0,3000,ירושלים,JERUSALEM,2,3,1642,"2,945",0.097,741,5,5
0,3000,ירושלים,JERUSALEM,2,3,1622,"6,637",0.099,742,5,5
0,3000,ירושלים,JERUSALEM,2,3,1134,"1,524",0.117,756,6,7
0,3000,ירושלים,JERUSALEM,2,3,854,"1,816",0.123,763,6,6
0,3000,ירושלים,JERUSALEM,2,3,1131,"3,017",0.124,764,6,5
0,3000,ירושלים,JERUSALEM,2,3,1121,"2,921",0.126,765,6,5
0,3000,ירושלים,JERUSALEM,2,3,1214,"2,716",0.17,794,6,5
0,3000,ירושלים,JERUSALEM,2,3,846,"1,037",0.206,805,6,6
0,3000,ירושלים,JERUSALEM,2,3,1643,"2,604",0.229,815,6,6
0,3000,ירושלים,JERUSALEM,2,3,132,"4,439",0.235,820,6,6
0,3000,ירושלים,JERUSALEM,2,3,134,"2,685",0.244,830,6,6
0,3000,ירושלים,JERUSALEM,2,3,133,"5,507",0.255,839,6,6
0,3000,ירושלים,JERUSALEM,2,3,857,"1,140",0.269,847,6,6
0,3000,ירושלים,JERUSALEM,2,3,852,714,0.273,848,6,5
0,3000,ירושלים,JERUSALEM,2,3,1352,"2,755",0.279,851,6,6
0,3000,ירושלים,JERUSALEM,2,3,856,"1,037",0.287,856,6,6
0,3000,ירושלים,JERUSALEM,2,3,135,"4,440",0.289,859,6,6
0,3000,ירושלים,JERUSALEM,2,3,136,"4,108",0.295,861,6,6
0,3000,ירושלים,JERUSALEM,2,3,1623,"7,308",0.299,865,6,6
0,3000,ירושלים,JERUSALEM,2,3,1335,"3,093",0.301,867,6,6
0,3000,ירושלים,JERUSALEM,2,3,1215,"5,318",0.312,877,6,6
0,3000,ירושלים,JERUSALEM,2,3,1043,"4,487",0.317,882,6,7
0,3000,ירושלים,JERUSALEM,2,3,1133,"1,928",0.368,914,6,6
0,3000,ירושלים,JERUSALEM,2,3,435,"2,070",0.37,917,6,7
0,3000,ירושלים,JERUSALEM,2,3,1322,"1,042",0.383,924,6,7
0,3000,ירושלים,JERUSALEM,2,3,1634,"4,809",0.385,927,6,6
0,3000,ירושלים,JERUSALEM,2,3,847,774,0.413,945,6,5
0,3000,ירושלים,JERUSALEM,2,3,1313,"1,974",0.522,995,7,7
0,3000,ירושלים,JERUSALEM,2,3,1216,"4,191",0.575,1019,7,7
0,3000,ירושלים,JERUSALEM,2,3,1346,"2,067",0.594,1031,7,7
0,3000,ירושלים,JERUSALEM,2,3,541,"3,959",0.595,1032,7,7
0,3000,ירושלים,JERUSALEM,2,3,1351,"4,311",0.62,1044,7,7
0,3000,ירושלים,JERUSALEM,2,3,1342,"4,609",0.637,1052,7,7
0,3000,ירושלים,JERUSALEM,2,3,1333,"1,958",0.707,1087,7,7
0,3000,ירושלים,JERUSALEM,2,3,863,"3,021",0.719,1094,7,7
0,3000,ירושלים,JERUSALEM,2,3,1217,"4,185",0.738,1105,7,7
0,3000,ירושלים,JERUSALEM,2,3,1021,"1,185",0.761,1111,7,7
0,3000,ירושלים,JERUSALEM,2,3,131,"2,525",0.809,1131,7,7
0,3000,ירושלים,JERUSALEM,2,3,1334,"2,503",0.826,1140,7,7
0,3000,ירושלים,JERUSALEM,2,3,1336,"1,094",0.85,1152,7,7
0,3000,ירושלים,JERUSALEM,2,3,1311,"2,490",0.857,1155,7,7
0,3000,ירושלים,JERUSALEM,2,3,1044,"2,522",0.953,1204,7,7
0,3000,ירושלים,JERUSALEM,2,3,1321,"2,119",0.968,1221,7,8
0,3000,ירושלים,JERUSALEM,2,3,1115,"1,709",0.992,1228,7,7
0,3000,ירושלים,JERUSALEM,2,3,1314,"1,963",1.009,1237,7,7
0,3000,ירושלים,JERUSALEM,2,3,1042,"2,530",1.013,1238,7,8
0,3000,ירושלים,JERUSALEM,2,3,1222,"5,179",1.014,1239,7,8
0,3000,ירושלים,JERUSALEM,2,3,1644,"1,806",1.024,1243,7,8
0,3000,ירושלים,JERUSALEM,2,3,1341,"3,192",1.032,1247,8,8
0,3000,ירושלים,JERUSALEM,2,3,1011,"4,711",1.111,1277,8,8
0,3000,ירושלים,JERUSALEM,2,3,864,"2,604",1.118,1279,8,8
0,3000,ירושלים,JERUSALEM,2,3,1223,"3,638",1.137,1291,8,8
0,3000,ירושלים,JERUSALEM,2,3,1312,"3,335",1.151,1300,8,8
0,3000,ירושלים,JERUSALEM,2,3,1343,"3,646",1.161,1304,8,8
0,3000,ירושלים,JERUSALEM,2,3,1041,"2,179",1.291,1359,8,9
0,3000,ירושלים,JERUSALEM,2,3,925,732,1.328,1383,8,9
0,3000,ירושלים,JERUSALEM,2,3,1144,"4,113",1.333,1388,8,8
0,3000,ירושלים,JERUSALEM,2,3,1014,"3,328",1.374,1408,8,9
0,3000,ירושלים,JERUSALEM,2,3,1147,"3,737",1.377,1409,8,9
0,3000,ירושלים,JERUSALEM,2,3,1012,"5,305",1.422,1427,9,9
0,3000,ירושלים,JERUSALEM,2,3,1013,"4,629",1.557,1467,9,9
0,3000,ירושלים,JERUSALEM,2,3,1022,"1,733",1.821,1552,9,9
0,240,יקנעם עילית,YOQNE'AM ILLIT,7,7,3,"1,875",-0.796,309,3,3
0,240,יקנעם עילית,YOQNE'AM ILLIT,7,7,1,"2,155",0.043,700,5,5
0,240,יקנעם עילית,YOQNE'AM ILLIT,7,7,4,"4,707",0.326,892,6,6
0,240,יקנעם עילית,YOQNE'AM ILLIT,7,7,6,"4,938",1.124,1282,8,8
0,240,יקנעם עילית,YOQNE'AM ILLIT,7,7,5,"6,936",1.252,1334,8,9
0,240,יקנעם עילית,YOQNE'AM ILLIT,7,7,7,"3,176",1.284,1353,8,9
0,9400,יהוד,YEHUD,7,8,3,"2,572",0.004,673,5,5
0,9400,יהוד,YEHUD,7,8,5,"3,322",0.548,1009,7,7
0,9400,יהוד,YEHUD,7,8,4,"8,178",0.582,1024,7,7
0,9400,יהוד,YEHUD,7,8,1,"3,405",1.098,1273,8,8
0,9400,יהוד,YEHUD,7,8,6,"3,439",1.13,1288,8,8
0,9400,יהוד,YEHUD,7,8,8,"3,330",1.702,1517,9,9
0,9400,יהוד,YEHUD,7,8,7,"5,680",1.76,1535,9,9
0,2660,יבנה,YAVNE,7,7,6,"5,027",-0.36,448,5,4
0,2660,יבנה,YAVNE,7,7,5,"4,240",-0.268,504,5,4
0,2660,יבנה,YAVNE,7,7,4,"4,809",-0.255,521,5,4
0,2660,יבנה,YAVNE,7,7,7,"4,484",-0.18,562,5,4
0,2660,יבנה,YAVNE,7,7,1,600,0.627,1047,7,7
0,2660,יבנה,YAVNE,7,7,8,"6,681",0.704,1086,7,7
0,2660,יבנה,YAVNE,7,7,9,"15,038",0.933,1190,7,8
0,2660,יבנה,YAVNE,7,7,2,"4,234",1.389,1414,9,9
0,2660,יבנה,YAVNE,7,7,3,"2,472",1.981,1594,10,10
0,2100,טירת כרמל,TIRAT KARMEL,5,5,7,"2,397",-0.979,251,3,3
0,2100,טירת כרמל,TIRAT KARMEL,5,5,3,"4,371",-0.581,366,4,4
0,2100,טירת כרמל,TIRAT KARMEL,5,5,4,"1,878",-0.257,517,5,4
0,2100,טירת כרמל,TIRAT KARMEL,5,5,5,"4,973",0.126,767,6,5
0,2100,טירת כרמל,TIRAT KARMEL,5,5,6,"3,682",0.14,774,6,6
0,2100,טירת כרמל,TIRAT KARMEL,5,5,1,"1,686",0.394,930,6,6
0,2100,טירת כרמל,TIRAT KARMEL,5,5,2,"4,024",0.965,1217,7,8
0,6700,טבריה,TIBERIAS,4,4,34,"2,168",-1.607,121,2,2
0,6700,טבריה,TIBERIAS,4,4,32,"2,851",-1.556,133,2,2
0,6700,טבריה,TIBERIAS,4,4,33,"1,653",-1.304,179,2,2
0,6700,טבריה,TIBERIAS,4,4,15,823,-1.185,202,2,3
0,6700,טבריה,TIBERIAS,4,4,13,"3,049",-1.135,211,2,3
0,6700,טבריה,TIBERIAS,4,4,12,"5,050",-1.015,244,3,3
0,6700,טבריה,TIBERIAS,4,4,36,"3,232",-0.934,261,3,3
0,6700,טבריה,TIBERIAS,4,4,23,"2,388",-0.898,274,3,3
0,6700,טבריה,TIBERIAS,4,4,14,"1,332",-0.855,286,3,3
0,6700,טבריה,TIBERIAS,4,4,22,"1,726",-0.473,399,4,4
0,6700,טבריה,TIBERIAS,4,4,21,"4,892",-0.259,513,5,4
0,6700,טבריה,TIBERIAS,4,4,31,"3,152",-0.122,592,5,5
0,6700,טבריה,TIBERIAS,4,4,25,"2,983",0.043,702,5,5
0,6700,טבריה,TIBERIAS,4,4,11,"6,384",0.088,732,5,5
0,6700,טבריה,TIBERIAS,4,4,24,"2,632",0.306,874,6,6
0,4000,חיפה,HAIFA,7,7,641,"3,800",-1.826,85,1,1
0,4000,חיפה,HAIFA,7,7,642,"4,635",-1.713,107,1,2
0,4000,חיפה,HAIFA,7,7,643,"2,427",-1.708,109,1,1
0,4000,חיפה,HAIFA,7,7,314,"1,402",-1.596,126,2,1
0,4000,חיפה,HAIFA,7,7,311,753,-1.422,155,2,2
0,4000,חיפה,HAIFA,7,7,634,"1,558",-1.343,173,2,2
0,4000,חיפה,HAIFA,7,7,633,"1,519",-1.254,186,2,2
0,4000,חיפה,HAIFA,7,7,711,"1,658",-1.202,197,2,2
0,4000,חיפה,HAIFA,7,7,713,"5,170",-1.086,224,2,3
0,4000,חיפה,HAIFA,7,7,631,"4,672",-0.998,246,3,3
0,4000,חיפה,HAIFA,7,7,324,"1,349",-0.969,252,3,3
0,4000,חיפה,HAIFA,7,7,111,"2,365",-0.942,260,3,3
0,4000,חיפה,HAIFA,7,7,431,337,-0.849,288,3,6
0,4000,חיפה,HAIFA,7,7,632,"2,672",-0.831,293,3,3
0,4000,חיפה,HAIFA,7,7,622,"3,221",-0.735,320,3,4
0,4000,חיפה,HAIFA,7,7,426,"3,842",-0.674,339,3,3
0,4000,חיפה,HAIFA,7,7,712,"3,965",-0.631,353,4,4
0,4000,חיפה,HAIFA,7,7,331,"1,311",-0.529,379,4,4
0,4000,חיפה,HAIFA,7,7,332,"2,211",-0.504,387,4,4
0,4000,חיפה,HAIFA,7,7,644,732,-0.473,398,4,4
0,4000,חיפה,HAIFA,7,7,334,"3,652",-0.446,414,4,4
0,4000,חיפה,HAIFA,7,7,418,"1,409",-0.422,425,4,4
0,4000,חיפה,HAIFA,7,7,122,"4,735",-0.368,447,5,4
0,4000,חיפה,HAIFA,7,7,613,"2,965",-0.354,452,5,4
0,4000,חיפה,HAIFA,7,7,121,"4,926",-0.345,459,5,4
0,4000,חיפה,HAIFA,7,7,414,"3,515",-0.335,463,5,4
0,4000,חיפה,HAIFA,7,7,412,"2,971",-0.328,469,5,4
0,4000,חיפה,HAIFA,7,7,333,"1,063",-0.319,475,5,4
0,4000,חיפה,HAIFA,7,7,812,"4,445",-0.306,484,5,5
0,4000,חיפה,HAIFA,7,7,411,"3,597",-0.258,514,5,4
0,4000,חיפה,HAIFA,7,7,714,"5,053",-0.211,548,5,5
0,4000,חיפה,HAIFA,7,7,424,"3,531",-0.142,586,5,5
0,4000,חיפה,HAIFA,7,7,112,"5,697",-0.118,593,5,5
0,4000,חיפה,HAIFA,7,7,417,"3,404",-0.082,625,5,5
0,4000,חיפה,HAIFA,7,7,612,"1,863",-0.024,654,5,5
0,4000,חיפה,HAIFA,7,7,423,"4,706",-0.012,663,5,5
0,4000,חיפה,HAIFA,7,7,722,"3,730",0.038,698,5,6
0,4000,חיפה,HAIFA,7,7,733,"2,545",0.057,713,5,6
0,4000,חיפה,HAIFA,7,7,721,"3,842",0.077,724,5,5
0,4000,חיפה,HAIFA,7,7,621,"3,668",0.092,735,5,5
0,4000,חיפה,HAIFA,7,7,422,"4,030",0.119,759,6,6
0,4000,חיפה,HAIFA,7,7,732,"3,994",0.139,772,6,6
0,4000,חיפה,HAIFA,7,7,413,"3,785",0.153,780,6,5
0,4000,חיפה,HAIFA,7,7,623,"3,685",0.165,791,6,6
0,4000,חיפה,HAIFA,7,7,135,"4,771",0.167,792,6,6
0,4000,חיפה,HAIFA,7,7,945,625,0.213,807,6,5
0,4000,חיפה,HAIFA,7,7,811,"3,430",0.25,833,6,6
0,4000,חיפה,HAIFA,7,7,421,"1,983",0.304,872,6,5
0,4000,חיפה,HAIFA,7,7,731,"2,479",0.309,876,6,6
0,4000,חיפה,HAIFA,7,7,527,"2,534",0.542,1005,7,6
0,4000,חיפה,HAIFA,7,7,723,"4,980",0.543,1006,7,7
0,4000,חיפה,HAIFA,7,7,611,"3,119",0.594,1030,7,7
0,4000,חיפה,HAIFA,7,7,133,"3,278",0.666,1064,7,7
0,4000,חיפה,HAIFA,7,7,715,826,0.69,1075,7,7
0,4000,חיפה,HAIFA,7,7,521,"1,733",0.693,1077,7,7
0,4000,חיפה,HAIFA,7,7,821,"4,689",0.722,1096,7,7
0,4000,חיפה,HAIFA,7,7,131,"3,122",0.786,1125,7,7
0,4000,חיפה,HAIFA,7,7,134,"4,779",0.849,1150,7,8
0,4000,חיפה,HAIFA,7,7,132,"3,216",0.889,1171,7,8
0,4000,חיפה,HAIFA,7,7,911,"3,709",0.903,1175,7,8
0,4000,חיפה,HAIFA,7,7,523,"1,730",0.972,1223,7,8
0,4000,חיפה,HAIFA,7,7,531,"4,211",1.156,1301,8,8
0,4000,חיפה,HAIFA,7,7,528,"3,575",1.187,1313,8,9
0,4000,חיפה,HAIFA,7,7,522,"1,847",1.258,1340,8,9
0,4000,חיפה,HAIFA,7,7,822,"1,910",1.265,1345,8,9
0,4000,חיפה,HAIFA,7,7,526,"3,710",1.274,1349,8,9
0,4000,חיפה,HAIFA,7,7,532,"3,800",1.281,1351,8,9
0,4000,חיפה,HAIFA,7,7,533,"4,247",1.346,1395,8,9
0,4000,חיפה,HAIFA,7,7,425,"2,638",1.369,1403,8,9
0,4000,חיפה,HAIFA,7,7,524,"2,497",1.371,1406,8,9
0,4000,חיפה,HAIFA,7,7,824,"2,617",1.379,1410,8,9
0,4000,חיפה,HAIFA,7,7,912,"3,726",1.401,1419,9,9
0,4000,חיפה,HAIFA,7,7,921,"2,544",1.488,1446,9,9
0,4000,חיפה,HAIFA,7,7,433,"3,795",1.595,1482,9,9
0,4000,חיפה,HAIFA,7,7,823,"2,195",1.615,1489,9,9
0,4000,חיפה,HAIFA,7,7,813,"2,679",1.635,1496,9,9
0,4000,חיפה,HAIFA,7,7,933,"3,540",1.636,1497,9,9
0,4000,חיפה,HAIFA,7,7,922,"3,703",1.669,1510,9,9
0,4000,חיפה,HAIFA,7,7,525,"3,709",1.684,1512,9,9
0,4000,חיפה,HAIFA,7,7,513,"3,119",1.76,1534,9,9
0,4000,חיפה,HAIFA,7,7,514,"2,846",1.823,1553,9,10
0,4000,חיפה,HAIFA,7,7,512,"3,644",1.836,1557,10,9
0,4000,חיפה,HAIFA,7,7,511,"5,640",1.864,1565,10,10
0,4000,חיפה,HAIFA,7,7,934,"3,365",1.869,1568,10,10
0,4000,חיפה,HAIFA,7,7,932,"4,862",1.914,1579,10,10
0,4000,חיפה,HAIFA,7,7,942,"1,957",1.927,1584,10,9
0,4000,חיפה,HAIFA,7,7,943,"3,669",2.053,1603,10,10
0,4000,חיפה,HAIFA,7,7,931,"3,060",2.063,1604,10,10
0,4000,חיפה,HAIFA,7,7,941,"2,132",2.173,1619,10,10
0,4000,חיפה,HAIFA,7,7,944,"4,915",2.517,1632,10,10
0,6600,חולון,HOLON,7,7,512,"4,188",-0.683,334,3,3
0,6600,חולון,HOLON,7,7,621,"5,508",-0.557,371,4,4
0,6600,חולון,HOLON,7,7,514,"4,002",-0.393,433,4,4
0,6600,חולון,HOLON,7,7,615,"2,616",-0.341,462,5,4
0,6600,חולון,HOLON,7,7,626,"4,007",-0.173,563,5,4
0,6600,חולון,HOLON,7,7,212,"3,862",-0.037,647,5,5
0,6600,חולון,HOLON,7,7,622,"4,256",0,671,5,5
0,6600,חולון,HOLON,7,7,216,"3,100",0.005,675,5,5
0,6600,חולון,HOLON,7,7,624,"3,427",0.027,691,5,5
0,6600,חולון,HOLON,7,7,215,"2,401",0.038,699,5,5
0,6600,חולון,HOLON,7,7,614,"4,651",0.127,768,6,6
0,6600,חולון,HOLON,7,7,223,"2,909",0.151,779,6,6
0,6600,חולון,HOLON,7,7,623,"3,894",0.172,795,6,6
0,6600,חולון,HOLON,7,7,521,"4,563",0.193,800,6,5
0,6600,חולון,HOLON,7,7,613,"2,369",0.203,802,6,6
0,6600,חולון,HOLON,7,7,314,"3,026",0.206,803,6,6
0,6600,חולון,HOLON,7,7,611,"4,023",0.22,811,6,6
0,6600,חולון,HOLON,7,7,211,"4,125",0.242,829,6,6
0,6600,חולון,HOLON,7,7,331,"2,606",0.247,832,6,6
0,6600,חולון,HOLON,7,7,332,"1,947",0.251,836,6,6
0,6600,חולון,HOLON,7,7,324,"3,543",0.284,853,6,6
0,6600,חולון,HOLON,7,7,625,"4,516",0.297,864,6,6
0,6600,חולון,HOLON,7,7,612,"2,473",0.302,869,6,6
0,6600,חולון,HOLON,7,7,513,"1,295",0.303,871,6,6
0,6600,חולון,HOLON,7,7,333,"2,567",0.32,885,6,6
0,6600,חולון,HOLON,7,7,523,"4,272",0.32,886,6,6
0,6600,חולון,HOLON,7,7,335,"4,251",0.322,888,6,6
0,6600,חולון,HOLON,7,7,225,"4,550",0.333,898,6,6
0,6600,חולון,HOLON,7,7,412,"3,136",0.403,936,6,6
0,6600,חולון,HOLON,7,7,334,"2,093",0.474,971,7,7
0,6600,חולון,HOLON,7,7,323,"3,735",0.485,977,7,6
0,6600,חולון,HOLON,7,7,224,"2,145",0.494,981,7,7
0,6600,חולון,HOLON,7,7,213,"4,460",0.511,989,7,7
0,6600,חולון,HOLON,7,7,313,"3,594",0.54,1003,7,7
0,6600,חולון,HOLON,7,7,321,"3,777",0.547,1008,7,7
0,6600,חולון,HOLON,7,7,222,"1,862",0.577,1020,7,7
0,6600,חולון,HOLON,7,7,427,"4,154",0.602,1035,7,7
0,6600,חולון,HOLON,7,7,221,"1,640",0.663,1060,7,7
0,6600,חולון,HOLON,7,7,214,"4,310",0.735,1104,7,7
0,6600,חולון,HOLON,7,7,423,"2,926",0.769,1115,7,7
0,6600,חולון,HOLON,7,7,522,"3,064",0.782,1123,7,7
0,6600,חולון,HOLON,7,7,311,"2,430",0.813,1133,7,7
0,6600,חולון,HOLON,7,7,426,"2,773",0.827,1141,7,7
0,6600,חולון,HOLON,7,7,425,"3,212",0.876,1161,7,7
0,6600,חולון,HOLON,7,7,312,"2,464",0.922,1183,7,7
0,6600,חולון,HOLON,7,7,322,"2,850",0.967,1219,7,7
0,6600,חולון,HOLON,7,7,415,"4,575",0.971,1222,7,8
0,6600,חולון,HOLON,7,7,422,"4,326",0.996,1230,7,8
0,6600,חולון,HOLON,7,7,424,"2,104",1.004,1235,7,7
0,6600,חולון,HOLON,7,7,414,"6,623",1.023,1242,7,8
0,6600,חולון,HOLON,7,7,413,"5,996",1.063,1259,8,8
0,6600,חולון,HOLON,7,7,411,"5,036",1.077,1265,8,7
0,6600,חולון,HOLON,7,7,421,247,1.109,1276,8,..
0,6600,חולון,HOLON,7,7,416,"13,424",1.119,1280,8,8
0,6500,חדרה,HADERA,6,6,43,"2,612",-0.739,319,3,3
0,6500,חדרה,HADERA,6,6,24,"3,756",-0.478,394,4,4
0,6500,חדרה,HADERA,6,6,62,"2,819",-0.455,408,4,4
0,6500,חדרה,HADERA,6,6,44,"4,671",-0.33,467,5,4
0,6500,חדרה,HADERA,6,6,52,"4,123",-0.152,583,5,5
0,6500,חדרה,HADERA,6,6,53,"4,138",-0.079,627,5,5
0,6500,חדרה,HADERA,6,6,51,"4,593",-0.077,628,5,5
0,6500,חדרה,HADERA,6,6,63,"4,088",-0.022,657,5,5
0,6500,חדרה,HADERA,6,6,61,"3,640",0.025,686,5,5
0,6500,חדרה,HADERA,6,6,45,"4,039",0.06,715,5,5
0,6500,חדרה,HADERA,6,6,64,"5,816",0.068,720,5,5
0,6500,חדרה,HADERA,6,6,32,"5,965",0.072,723,5,5
0,6500,חדרה,HADERA,6,6,12,"3,929",0.255,840,6,6
0,6500,חדרה,HADERA,6,6,11,"3,655",0.309,875,6,6
0,6500,חדרה,HADERA,6,6,21,"3,352",0.473,970,7,7
0,6500,חדרה,HADERA,6,6,13,"5,854",0.506,987,7,7
0,6500,חדרה,HADERA,6,6,31,"4,841",0.528,1000,7,7
0,6500,חדרה,HADERA,6,6,23,"7,220",0.605,1037,7,7
0,6500,חדרה,HADERA,6,6,42,"2,540",0.85,1151,7,7
0,6500,חדרה,HADERA,6,6,41,"14,056",0.877,1162,7,7
0,6500,חדרה,HADERA,6,6,65,849,1.331,1386,8,9
99,9300,זכרון יעקב,ZIKHRON YA'AQOV,8,8,4,"8,413",0.615,1042,7,7
99,9300,זכרון יעקב,ZIKHRON YA'AQOV,8,8,2,"6,470",0.838,1146,7,7
99,9300,זכרון יעקב,ZIKHRON YA'AQOV,8,8,3,"5,851",1.865,1566,10,10
99,9300,זכרון יעקב,ZIKHRON YA'AQOV,8,8,1,"2,408",1.96,1591,10,10
0,6400,הרצלייה,HERZLIYYA,8,8,11,"3,319",-0.071,631,5,5
0,6400,הרצלייה,HERZLIYYA,8,8,13,"4,447",0.632,1049,7,7
0,6400,הרצלייה,HERZLIYYA,8,8,61,"1,056",0.689,1073,7,7
0,6400,הרצלייה,HERZLIYYA,8,8,34,"4,237",0.702,1081,7,7
0,6400,הרצלייה,HERZLIYYA,8,8,65,"3,647",0.709,1088,7,7
0,6400,הרצלייה,HERZLIYYA,8,8,35,"4,062",0.803,1130,7,7
0,6400,הרצלייה,HERZLIYYA,8,8,31,"1,841",0.879,1165,7,7
0,6400,הרצלייה,HERZLIYYA,8,8,57,"2,916",0.919,1179,7,7
0,6400,הרצלייה,HERZLIYYA,8,8,12,"4,648",0.934,1191,7,7
0,6400,הרצלייה,HERZLIYYA,8,8,41,"3,046",1.003,1234,7,7
0,6400,הרצלייה,HERZLIYYA,8,8,24,"3,412",1.07,1263,8,8
0,6400,הרצלייה,HERZLIYYA,8,8,51,"3,220",1.08,1269,8,8
0,6400,הרצלייה,HERZLIYYA,8,8,33,"3,091",1.135,1290,8,8
0,6400,הרצלייה,HERZLIYYA,8,8,56,"3,882",1.16,1303,8,8
0,6400,הרצלייה,HERZLIYYA,8,8,42,"3,350",1.229,1326,8,8
0,6400,הרצלייה,HERZLIYYA,8,8,23,"3,701",1.263,1343,8,8
0,6400,הרצלייה,HERZLIYYA,8,8,66,"4,549",1.446,1437,9,9
0,6400,הרצלייה,HERZLIYYA,8,8,43,"3,161",1.514,1453,9,9
0,6400,הרצלייה,HERZLIYYA,8,8,32,"2,220",1.53,1458,9,9
0,6400,הרצלייה,HERZLIYYA,8,8,22,"5,452",1.647,1501,9,9
0,6400,הרצלייה,HERZLIYYA,8,8,44,"2,968",1.706,1519,9,9
0,6400,הרצלייה,HERZLIYYA,8,8,63,"3,812",1.746,1529,9,9
0,6400,הרצלייה,HERZLIYYA,8,8,52,"3,596",1.75,1531,9,9
0,6400,הרצלייה,HERZLIYYA,8,8,64,"2,774",1.785,1545,9,10
0,6400,הרצלייה,HERZLIYYA,8,8,54,"5,726",1.812,1550,9,9
0,6400,הרצלייה,HERZLIYYA,8,8,21,"4,820",1.833,1556,9,9
0,6400,הרצלייה,HERZLIYYA,8,8,55,"2,637",1.895,1572,10,9
0,6400,הרצלייה,HERZLIYYA,8,8,53,"1,555",2.127,1612,10,9
0,9700,הוד השרון,HOD HASHARON,9,9,33,"2,107",0.92,1182,7,7
0,9700,הוד השרון,HOD HASHARON,9,9,11,"3,826",0.928,1188,7,7
0,9700,הוד השרון,HOD HASHARON,9,9,23,"6,317",1.173,1310,8,8
0,9700,הוד השרון,HOD HASHARON,9,9,15,"2,997",1.281,1352,8,8
0,9700,הוד השרון,HOD HASHARON,9,9,14,"3,641",1.457,1440,9,9
0,9700,הוד השרון,HOD HASHARON,9,9,21,"7,273",1.458,1441,9,9
0,9700,הוד השרון,HOD HASHARON,9,9,24,"4,994",1.569,1471,9,9
0,9700,הוד השרון,HOD HASHARON,9,9,12,"6,896",1.584,1477,9,9
0,9700,הוד השרון,HOD HASHARON,9,9,13,"11,255",1.73,1526,9,9
0,9700,הוד השרון,HOD HASHARON,9,9,32,"3,458",1.751,1532,9,9
0,9700,הוד השרון,HOD HASHARON,9,9,22,"5,350",1.931,1585,10,9
0,9700,הוד השרון,HOD HASHARON,9,9,31,"4,856",2.197,1620,10,10
0,2200,דימונה,DIMONA,5,4,10,"1,859",-1.215,192,2,3
0,2200,דימונה,DIMONA,5,4,3,"2,191",-1.215,193,2,2
0,2200,דימונה,DIMONA,5,4,4,"2,682",-1.184,204,2,2
0,2200,דימונה,DIMONA,5,4,11,"1,531",-1.007,245,3,3
0,2200,דימונה,DIMONA,5,4,2,"3,329",-0.886,276,3,3
0,2200,דימונה,DIMONA,5,4,8,"1,654",-0.884,277,3,3
0,2200,דימונה,DIMONA,5,4,12,"2,653",-0.318,476,5,4
0,2200,דימונה,DIMONA,5,4,7,"1,611",-0.301,487,5,4
0,2200,דימונה,DIMONA,5,4,5,"5,453",0.055,712,5,5
0,2200,דימונה,DIMONA,5,4,6,"5,715",0.077,725,5,5
0,2200,דימונה,DIMONA,5,4,9,"5,599",0.528,999,7,7
99,229,גני תקווה,GANNE TIQWA,9,9,2,"3,085",1.162,1305,8,9
99,229,גני תקווה,GANNE TIQWA,9,9,1,"12,190",1.419,1425,9,9
99,229,גני תקווה,GANNE TIQWA,9,9,3,"5,033",1.692,1513,9,9
99,166,גן יבנה,GAN YAVNE,7,7,3,"6,899",0.643,1055,7,7
99,166,גן יבנה,GAN YAVNE,7,7,1,"5,739",0.727,1101,7,7
99,166,גן יבנה,GAN YAVNE,7,7,4,"5,365",0.813,1134,7,7
99,166,גן יבנה,GAN YAVNE,7,7,2,"5,866",0.871,1157,7,7
99,2550,גדרה,GEDERA,7,7,1,"3,058",0.113,754,6,6
99,2550,גדרה,GEDERA,7,7,3,"4,404",0.324,891,6,6
99,2550,גדרה,GEDERA,7,7,4,"8,611",0.828,1142,7,7
99,2550,גדרה,GEDERA,7,7,2,"5,389",0.949,1200,7,7
99,2550,גדרה,GEDERA,7,7,5,"6,320",0.959,1211,7,8
0,6300,גבעתיים,GIV'ATAYIM,9,9,43,"3,734",1.085,1270,8,8
0,6300,גבעתיים,GIV'ATAYIM,9,9,32,"3,372",1.295,1362,8,8
0,6300,גבעתיים,GIV'ATAYIM,9,9,33,"4,907",1.339,1390,8,8
0,6300,גבעתיים,GIV'ATAYIM,9,9,11,"3,357",1.345,1394,8,8
0,6300,גבעתיים,GIV'ATAYIM,9,9,44,"3,380",1.379,1411,8,9
0,6300,גבעתיים,GIV'ATAYIM,9,9,21,"4,659",1.408,1423,9,9
0,6300,גבעתיים,GIV'ATAYIM,9,9,23,"4,570",1.595,1481,9,9
0,6300,גבעתיים,GIV'ATAYIM,9,9,31,"3,383",1.613,1488,9,9
0,6300,גבעתיים,GIV'ATAYIM,9,9,22,"3,566",1.617,1492,9,9
0,6300,גבעתיים,GIV'ATAYIM,9,9,12,"7,425",1.62,1494,9,9
0,6300,גבעתיים,GIV'ATAYIM,9,9,34,"4,504",1.639,1499,9,9
0,6300,גבעתיים,GIV'ATAYIM,9,9,42,"3,400",1.654,1504,9,9
0,6300,גבעתיים,GIV'ATAYIM,9,9,13,"4,869",1.717,1521,9,9
0,6300,גבעתיים,GIV'ATAYIM,9,9,41,"5,502",1.997,1597,10,10
0,681,גבעת שמואל,GIV'AT SHEMU'EL,8,8,2,"4,987",0.525,997,7,7
0,681,גבעת שמואל,GIV'AT SHEMU'EL,8,8,3,"4,158",0.762,1112,7,7
0,681,גבעת שמואל,GIV'AT SHEMU'EL,8,8,1,"3,382",1.277,1350,8,9
0,681,גבעת שמואל,GIV'AT SHEMU'EL,8,8,6,"3,712",1.34,1391,8,9
0,681,גבעת שמואל,GIV'AT SHEMU'EL,8,8,4,"7,429",1.346,1396,8,9
0,681,גבעת שמואל,GIV'AT SHEMU'EL,8,8,5,"2,910",1.655,1506,9,9
99,3730,גבעת זאב,GIV'AT ZE'EV,5,5,4,"4,456",-1.444,152,2,2
99,3730,גבעת זאב,GIV'AT ZE'EV,5,5,3,"7,561",-0.048,643,5,5
99,3730,גבעת זאב,GIV'AT ZE'EV,5,5,2,"4,409",0.235,822,6,6
99,3730,גבעת זאב,GIV'AT ZE'EV,5,5,1,"1,994",0.518,992,7,7
0,6200,בת ים,BAT YAM,5,5,413,"3,793",-0.635,351,4,4
0,6200,בת ים,BAT YAM,5,5,412,"4,427",-0.506,385,4,4
0,6200,בת ים,BAT YAM,5,5,113,"4,608",-0.463,406,4,4
0,6200,בת ים,BAT YAM,5,5,422,"2,079",-0.377,441,5,4
0,6200,בת ים,BAT YAM,5,5,411,"3,660",-0.37,445,5,4
0,6200,בת ים,BAT YAM,5,5,522,"5,066",-0.354,451,5,4
0,6200,בת ים,BAT YAM,5,5,421,"4,627",-0.351,456,5,4
0,6200,בת ים,BAT YAM,5,5,112,"3,115",-0.308,483,5,4
0,6200,בת ים,BAT YAM,5,5,115,"3,145",-0.303,486,5,5
0,6200,בת ים,BAT YAM,5,5,228,"1,549",-0.282,498,5,2
0,6200,בת ים,BAT YAM,5,5,423,"2,503",-0.277,500,5,4
0,6200,בת ים,BAT YAM,5,5,511,"2,776",-0.244,529,5,4
0,6200,בת ים,BAT YAM,5,5,514,"3,162",-0.24,533,5,5
0,6200,בת ים,BAT YAM,5,5,227,"1,875",-0.233,536,5,4
0,6200,בת ים,BAT YAM,5,5,221,"2,571",-0.211,546,5,5
0,6200,בת ים,BAT YAM,5,5,321,"3,070",-0.166,567,5,4
0,6200,בת ים,BAT YAM,5,5,212,"4,195",-0.158,575,5,5
0,6200,בת ים,BAT YAM,5,5,225,"2,032",-0.157,576,5,5
0,6200,בת ים,BAT YAM,5,5,114,"3,342",-0.115,595,5,5
0,6200,בת ים,BAT YAM,5,5,223,"2,232",-0.105,601,5,5
0,6200,בת ים,BAT YAM,5,5,111,"4,007",-0.101,605,5,5
0,6200,בת ים,BAT YAM,5,5,322,"5,121",-0.099,608,5,5
0,6200,בת ים,BAT YAM,5,5,313,"3,273",-0.099,609,5,5
0,6200,בת ים,BAT YAM,5,5,222,"4,067",-0.083,623,5,5
0,6200,בת ים,BAT YAM,5,5,224,"2,622",-0.075,630,5,5
0,6200,בת ים,BAT YAM,5,5,315,"3,594",-0.057,636,5,5
0,6200,בת ים,BAT YAM,5,5,316,"2,307",-0.042,646,5,5
0,6200,בת ים,BAT YAM,5,5,311,"3,590",-0.008,669,5,5
0,6200,בת ים,BAT YAM,5,5,217,"4,240",0.003,672,5,5
0,6200,בת ים,BAT YAM,5,5,312,"2,477",0.013,681,5,5
0,6200,בת ים,BAT YAM,5,5,314,"3,674",0.031,693,5,5
0,6200,בת ים,BAT YAM,5,5,213,"2,842",0.066,719,5,5
0,6200,בת ים,BAT YAM,5,5,215,"4,230",0.077,726,5,5
0,6200,בת ים,BAT YAM,5,5,513,"2,902",0.095,739,5,6
0,6200,בת ים,BAT YAM,5,5,214,"2,895",0.111,751,5,6
0,6200,בת ים,BAT YAM,5,5,512,"3,084",0.138,771,6,6
0,6200,בת ים,BAT YAM,5,5,523,"3,478",0.305,873,6,6
0,6200,בת ים,BAT YAM,5,5,521,"3,767",0.327,893,6,6
0,6200,בת ים,BAT YAM,5,5,226,"2,601",0.762,1113,7,7
99,9800,בנימינה-גבעת עדה,BINYAMINA-GIV'AT ADA,8,9,3,"5,032",1.021,1241,7,8
99,9800,בנימינה-גבעת עדה,BINYAMINA-GIV'AT ADA,8,9,1,"4,481",1.399,1417,9,9
99,9800,בנימינה-גבעת עדה,BINYAMINA-GIV'AT ADA,8,9,2,"4,172",1.442,1434,9,9
99,9800,בנימינה-גבעת עדה,BINYAMINA-GIV'AT ADA,8,9,4,"1,940",1.601,1486,9,9
0,6100,בני ברק,BENE BERAQ,2,2,421,"1,854",-3.471,1,1,1
0,6100,בני ברק,BENE BERAQ,2,2,322,"7,137",-2.201,32,1,1
0,6100,בני ברק,BENE BERAQ,2,2,313,"4,721",-2.046,44,1,1
0,6100,בני ברק,BENE BERAQ,2,2,312,"4,762",-2.032,45,1,1
0,6100,בני ברק,BENE BERAQ,2,2,321,"5,325",-1.974,53,1,1
0,6100,בני ברק,BENE BERAQ,2,2,423,"4,349",-1.966,55,1,1
0,6100,בני ברק,BENE BERAQ,2,2,213,"5,148",-1.878,74,1,1
0,6100,בני ברק,BENE BERAQ,2,2,427,"4,161",-1.868,76,1,1
0,6100,בני ברק,BENE BERAQ,2,2,323,"7,038",-1.83,84,1,1
0,6100,בני ברק,BENE BERAQ,2,2,211,"6,507",-1.792,93,1,1
0,6100,בני ברק,BENE BERAQ,2,2,222,"7,477",-1.789,94,1,1
0,6100,בני ברק,BENE BERAQ,2,2,426,"6,306",-1.778,95,1,1
0,6100,בני ברק,BENE BERAQ,2,2,214,"4,074",-1.776,96,1,1
0,6100,בני ברק,BENE BERAQ,2,2,221,"4,345",-1.771,97,1,1
0,6100,בני ברק,BENE BERAQ,2,2,422,"3,620",-1.761,99,1,1
0,6100,בני ברק,BENE BERAQ,2,2,311,"7,056",-1.728,104,1,1
0,6100,בני ברק,BENE BERAQ,2,2,212,"4,964",-1.608,120,2,2
0,6100,בני ברק,BENE BERAQ,2,2,223,"9,533",-1.602,122,2,2
0,6100,בני ברק,BENE BERAQ,2,2,425,"4,839",-1.601,123,2,1
0,6100,בני ברק,BENE BERAQ,2,2,424,"4,893",-1.567,131,2,2
0,6100,בני ברק,BENE BERAQ,2,2,233,"8,283",-1.548,134,2,2
0,6100,בני ברק,BENE BERAQ,2,2,414,"2,938",-1.531,136,2,2
0,6100,בני ברק,BENE BERAQ,2,2,415,"3,820",-1.528,137,2,2
0,6100,בני ברק,BENE BERAQ,2,2,113,"3,247",-1.488,145,2,2
0,6100,בני ברק,BENE BERAQ,2,2,413,"5,024",-1.414,157,2,2
0,6100,בני ברק,BENE BERAQ,2,2,122,"5,190",-1.403,161,2,2
0,6100,בני ברק,BENE BERAQ,2,2,112,"2,595",-1.393,163,2,2
0,6100,בני ברק,BENE BERAQ,2,2,411,"9,749",-1.376,169,2,2
0,6100,בני ברק,BENE BERAQ,2,2,114,"4,436",-1.375,170,2,2
0,6100,בני ברק,BENE BERAQ,2,2,412,"2,193",-1.298,180,2,2
0,6100,בני ברק,BENE BERAQ,2,2,315,"10,432",-1.208,196,2,2
0,6100,בני ברק,BENE BERAQ,2,2,123,"9,162",-1.202,198,2,3
0,6100,בני ברק,BENE BERAQ,2,2,115,"6,719",-1.095,219,2,3
0,6100,בני ברק,BENE BERAQ,2,2,232,"7,935",-1.039,237,2,3
0,6100,בני ברק,BENE BERAQ,2,2,314,"5,622",-0.917,269,3,3
0,6100,בני ברק,BENE BERAQ,2,2,121,"3,842",-0.875,281,3,3
0,6100,בני ברק,BENE BERAQ,2,2,231,"3,492",-0.654,347,3,3
0,6100,בני ברק,BENE BERAQ,2,2,117,371,-0.558,370,4,4
0,3780,ביתר עילית,BETAR ILLIT,1,1,7,"7,232",-2.128,36,1,1
0,3780,ביתר עילית,BETAR ILLIT,1,1,6,"15,405",-2.016,46,1,1
0,3780,ביתר עילית,BETAR ILLIT,1,1,8,"11,757",-1.947,61,1,1
0,3780,ביתר עילית,BETAR ILLIT,1,1,5,"4,527",-1.944,62,1,1
0,3780,ביתר עילית,BETAR ILLIT,1,1,3,"6,869",-1.91,70,1,1
0,3780,ביתר עילית,BETAR ILLIT,1,1,2,"5,626",-1.707,110,1,1
0,3780,ביתר עילית,BETAR ILLIT,1,1,1,"3,842",-1.645,116,2,1
0,3780,ביתר עילית,BETAR ILLIT,1,1,4,"4,010",-1.595,127,2,1
0,2610,בית שמש,BET SHEMESH,2,2,32,"10,592",-3.165,3,1,1
0,2610,בית שמש,BET SHEMESH,2,2,12,"11,563",-2.963,6,1,1
0,2610,בית שמש,BET SHEMESH,2,2,33,"7,711",-2.764,8,1,1
0,2610,בית שמש,BET SHEMESH,2,2,27,"5,301",-2.307,23,1,1
0,2610,בית שמש,BET SHEMESH,2,2,26,"8,466",-2.298,25,1,1
0,2610,בית שמש,BET SHEMESH,2,2,31,"6,698",-2.125,37,1,1
0,2610,בית שמש,BET SHEMESH,2,2,38,"14,680",-1.51,140,2,2
0,2610,בית שמש,BET SHEMESH,2,2,34,"7,330",-1.411,160,2,2
0,2610,בית שמש,BET SHEMESH,2,2,37,"6,222",-1.268,184,2,2
0,2610,בית שמש,BET SHEMESH,2,2,36,"5,898",-1.062,229,2,3
0,2610,בית שמש,BET SHEMESH,2,2,14,"5,406",-0.791,310,3,3
0,2610,בית שמש,BET SHEMESH,2,2,16,"4,507",-0.703,329,3,3
0,2610,בית שמש,BET SHEMESH,2,2,23,"1,089",-0.653,348,3,4
0,2610,בית שמש,BET SHEMESH,2,2,35,"5,784",-0.441,416,4,4
0,2610,בית שמש,BET SHEMESH,2,2,15,"3,423",-0.431,420,4,4
0,2610,בית שמש,BET SHEMESH,2,2,24,"4,163",-0.375,442,5,5
0,2610,בית שמש,BET SHEMESH,2,2,22,"4,781",-0.254,522,5,4
0,2610,בית שמש,BET SHEMESH,2,2,13,"5,210",-0.02,659,5,5
0,2610,בית שמש,BET SHEMESH,2,2,25,"3,243",0.23,817,6,6
0,2610,בית שמש,BET SHEMESH,2,2,21,"2,721",0.455,962,7,7
0,9200,בית שאן,BET SHE'AN,5,4,2,"2,012",-0.564,369,4,4
0,9200,בית שאן,BET SHE'AN,5,4,3,"5,103",-0.475,396,4,4
0,9200,בית שאן,BET SHE'AN,5,4,4,"6,890",-0.424,422,4,4
0,9200,בית שאן,BET SHE'AN,5,4,1,"4,382",0.219,810,6,6
0,9000,באר שבע,BE'ER SHEVA,5,5,113,"1,913",-1.626,118,2,1
0,9000,באר שבע,BE'ER SHEVA,5,5,121,"3,113",-1.496,143,2,2
0,9000,באר שבע,BE'ER SHEVA,5,5,112,"2,008",-1.49,144,2,2
0,9000,באר שבע,BE'ER SHEVA,5,5,111,"2,264",-1.48,147,2,2
0,9000,באר שבע,BE'ER SHEVA,5,5,633,"3,173",-1.414,158,2,2
0,9000,באר שבע,BE'ER SHEVA,5,5,216,"3,348",-1.246,189,2,3
0,9000,באר שבע,BE'ER SHEVA,5,5,122,"1,037",-1.196,201,2,3
0,9000,באר שבע,BE'ER SHEVA,5,5,132,"2,574",-1.181,205,2,3
0,9000,באר שבע,BE'ER SHEVA,5,5,632,"3,774",-1.092,221,2,3
0,9000,באר שבע,BE'ER SHEVA,5,5,222,"3,045",-1.07,227,2,3
0,9000,באר שבע,BE'ER SHEVA,5,5,433,"1,622",-1.03,241,2,3
0,9000,באר שבע,BE'ER SHEVA,5,5,631,"4,190",-0.982,249,3,3
0,9000,באר שבע,BE'ER SHEVA,5,5,133,"1,052",-0.981,250,3,3
0,9000,באר שבע,BE'ER SHEVA,5,5,434,"3,751",-0.952,257,3,3
0,9000,באר שבע,BE'ER SHEVA,5,5,221,"2,898",-0.922,267,3,3
0,9000,באר שבע,BE'ER SHEVA,5,5,215,"1,721",-0.86,285,3,3
0,9000,באר שבע,BE'ER SHEVA,5,5,123,"1,175",-0.816,299,3,3
0,9000,באר שבע,BE'ER SHEVA,5,5,511,"1,897",-0.81,301,3,3
0,9000,באר שבע,BE'ER SHEVA,5,5,131,"2,298",-0.703,328,3,3
0,9000,באר שבע,BE'ER SHEVA,5,5,212,"4,611",-0.696,332,3,3
0,9000,באר שבע,BE'ER SHEVA,5,5,521,"2,175",-0.474,397,4,4
0,9000,באר שבע,BE'ER SHEVA,5,5,431,"3,439",-0.391,434,5,4
0,9000,באר שבע,BE'ER SHEVA,5,5,213,"3,922",-0.377,440,5,4
0,9000,באר שבע,BE'ER SHEVA,5,5,432,"3,282",-0.37,443,5,4
0,9000,באר שבע,BE'ER SHEVA,5,5,523,"3,012",-0.353,453,5,4
0,9000,באר שבע,BE'ER SHEVA,5,5,225,"3,385",-0.352,455,5,4
0,9000,באר שבע,BE'ER SHEVA,5,5,614,"2,190",-0.335,464,5,4
0,9000,באר שבע,BE'ER SHEVA,5,5,522,"3,004",-0.326,470,5,4
0,9000,באר שבע,BE'ER SHEVA,5,5,224,"2,129",-0.191,556,5,5
0,9000,באר שבע,BE'ER SHEVA,5,5,211,"3,414",-0.114,597,5,5
0,9000,באר שבע,BE'ER SHEVA,5,5,226,"1,364",-0.089,616,5,5
0,9000,באר שבע,BE'ER SHEVA,5,5,223,"2,398",-0.087,618,5,5
0,9000,באר שבע,BE'ER SHEVA,5,5,512,"3,345",-0.066,632,5,4
0,9000,באר שבע,BE'ER SHEVA,5,5,423,"4,633",-0.035,648,5,5
0,9000,באר שבע,BE'ER SHEVA,5,5,413,"6,790",-0.024,655,5,5
0,9000,באר שבע,BE'ER SHEVA,5,5,412,"2,548",-0.014,661,5,5
0,9000,באר שבע,BE'ER SHEVA,5,5,214,"5,147",0.108,748,5,5
0,9000,באר שבע,BE'ER SHEVA,5,5,612,"4,732",0.161,789,6,5
0,9000,באר שבע,BE'ER SHEVA,5,5,313,"3,136",0.233,819,6,6
0,9000,באר שבע,BE'ER SHEVA,5,5,312,"4,939",0.295,863,6,6
0,9000,באר שבע,BE'ER SHEVA,5,5,414,"6,882",0.314,878,6,6
0,9000,באר שבע,BE'ER SHEVA,5,5,624,"1,605",0.322,887,6,6
0,9000,באר שבע,BE'ER SHEVA,5,5,422,"5,741",0.407,939,6,6
0,9000,באר שבע,BE'ER SHEVA,5,5,415,"7,788",0.414,946,6,6
0,9000,באר שבע,BE'ER SHEVA,5,5,311,"3,562",0.423,949,6,6
0,9000,באר שבע,BE'ER SHEVA,5,5,611,"4,660",0.593,1028,7,7
0,9000,באר שבע,BE'ER SHEVA,5,5,641,"2,865",0.599,1033,7,7
0,9000,באר שבע,BE'ER SHEVA,5,5,513,"3,446",0.612,1041,7,7
0,9000,באר שבע,BE'ER SHEVA,5,5,314,610,0.678,1070,7,..
0,9000,באר שבע,BE'ER SHEVA,5,5,645,"10,896",0.697,1078,7,7
0,9000,באר שבע,BE'ER SHEVA,5,5,234,"3,017",0.703,1084,7,7
0,9000,באר שבע,BE'ER SHEVA,5,5,411,"6,402",0.768,1114,7,7
0,9000,באר שבע,BE'ER SHEVA,5,5,642,"4,792",0.779,1121,7,7
0,9000,באר שבע,BE'ER SHEVA,5,5,613,"5,249",0.802,1129,7,7
0,9000,באר שבע,BE'ER SHEVA,5,5,646,"7,472",0.867,1156,7,7
0,9000,באר שבע,BE'ER SHEVA,5,5,644,"1,204",1.149,1298,8,8
0,9000,באר שבע,BE'ER SHEVA,5,5,643,"5,105",1.193,1316,8,8
0,9000,באר שבע,BE'ER SHEVA,5,5,421,"5,367",1.224,1323,8,8
0,9000,באר שבע,BE'ER SHEVA,5,5,634,549,1.234,1331,8,9
0,7100,אשקלון,ASHQELON,5,5,313,"3,894",-1.543,135,2,2
0,7100,אשקלון,ASHQELON,5,5,315,"1,903",-1.329,175,2,2
0,7100,אשקלון,ASHQELON,5,5,314,"4,628",-1.25,187,2,2
0,7100,אשקלון,ASHQELON,5,5,222,514,-1.197,200,2,2
0,7100,אשקלון,ASHQELON,5,5,322,"3,568",-1.161,209,2,3
0,7100,אשקלון,ASHQELON,5,5,223,"1,674",-1.049,234,2,3
0,7100,אשקלון,ASHQELON,5,5,316,"3,932",-0.967,253,3,3
0,7100,אשקלון,ASHQELON,5,5,323,"4,932",-0.797,306,3,3
0,7100,אשקלון,ASHQELON,5,5,321,"6,079",-0.623,354,4,3
0,7100,אשקלון,ASHQELON,5,5,226,"5,076",-0.537,377,4,4
0,7100,אשקלון,ASHQELON,5,5,311,"3,638",-0.452,410,4,4
0,7100,אשקלון,ASHQELON,5,5,225,"4,122",-0.446,415,4,4
0,7100,אשקלון,ASHQELON,5,5,121,"2,353",-0.248,523,5,4
0,7100,אשקלון,ASHQELON,5,5,221,"3,758",-0.134,589,5,5
0,7100,אשקלון,ASHQELON,5,5,211,"4,469",-0.114,596,5,5
0,7100,אשקלון,ASHQELON,5,5,127,891,-0.082,624,5,5
0,7100,אשקלון,ASHQELON,5,5,213,"8,877",-0.017,660,5,5
0,7100,אשקלון,ASHQELON,5,5,214,"3,623",0.02,683,5,5
0,7100,אשקלון,ASHQELON,5,5,212,"6,680",0.049,708,5,5
0,7100,אשקלון,ASHQELON,5,5,215,"3,659",0.085,730,5,5
0,7100,אשקלון,ASHQELON,5,5,312,"5,133",0.1,744,5,6
0,7100,אשקלון,ASHQELON,5,5,125,"5,326",0.223,813,6,6
0,7100,אשקלון,ASHQELON,5,5,126,"4,352",0.229,816,6,6
0,7100,אשקלון,ASHQELON,5,5,124,"3,987",0.371,918,6,6
0,7100,אשקלון,ASHQELON,5,5,114,"5,345",0.399,932,6,7
0,7100,אשקלון,ASHQELON,5,5,113,"9,484",0.491,980,7,7
0,7100,אשקלון,ASHQELON,5,5,122,"4,769",0.512,990,7,7
0,7100,אשקלון,ASHQELON,5,5,112,"8,518",0.556,1014,7,7
0,7100,אשקלון,ASHQELON,5,5,123,"5,452",0.581,1022,7,7
0,7100,אשקלון,ASHQELON,5,5,111,"12,936",0.693,1076,7,7
0,70,אשדוד,ASHDOD,5,4,141,"5,929",-1.942,63,1,1
0,70,אשדוד,ASHDOD,5,4,213,"4,654",-1.796,92,1,1
0,70,אשדוד,ASHDOD,5,4,211,"7,577",-1.769,98,1,1
0,70,אשדוד,ASHDOD,5,4,144,"7,155",-1.694,112,1,2
0,70,אשדוד,ASHDOD,5,4,212,"7,356",-1.691,114,1,1
0,70,אשדוד,ASHDOD,5,4,142,"3,365",-1.518,139,2,2
0,70,אשדוד,ASHDOD,5,4,322,"4,455",-1.456,151,2,2
0,70,אשדוד,ASHDOD,5,4,143,"4,718",-1.417,156,2,2
0,70,אשדוד,ASHDOD,5,4,221,"3,356",-1.333,174,2,2
0,70,אשדוד,ASHDOD,5,4,223,"3,886",-1.122,214,2,3
0,70,אשדוד,ASHDOD,5,4,222,"4,002",-1.101,217,2,3
0,70,אשדוד,ASHDOD,5,4,132,"1,773",-0.997,247,3,3
0,70,אשדוד,ASHDOD,5,4,133,"3,994",-0.919,268,3,3
0,70,אשדוד,ASHDOD,5,4,125,"2,272",-0.803,303,3,3
0,70,אשדוד,ASHDOD,5,4,126,"3,860",-0.803,304,3,3
0,70,אשדוד,ASHDOD,5,4,131,"2,089",-0.675,338,3,4
0,70,אשדוד,ASHDOD,5,4,122,"2,811",-0.576,367,4,3
0,70,אשדוד,ASHDOD,5,4,234,"3,873",-0.51,384,4,4
0,70,אשדוד,ASHDOD,5,4,323,"5,317",-0.476,395,4,4
0,70,אשדוד,ASHDOD,5,4,242,"2,578",-0.453,409,4,4
0,70,אשדוד,ASHDOD,5,4,123,"3,994",-0.412,429,4,4
0,70,אשדוד,ASHDOD,5,4,321,"4,689",-0.225,539,5,5
0,70,אשדוד,ASHDOD,5,4,241,"5,748",-0.057,635,5,5
0,70,אשדוד,ASHDOD,5,4,332,"1,814",0.026,688,5,5
0,70,אשדוד,ASHDOD,5,4,232,"3,192",0.028,692,5,5
0,70,אשדוד,ASHDOD,5,4,333,"5,009",0.045,703,5,5
0,70,אשדוד,ASHDOD,5,4,231,"3,302",0.08,728,5,5
0,70,אשדוד,ASHDOD,5,4,331,"2,760",0.154,782,6,6
0,70,אשדוד,ASHDOD,5,4,343,"3,180",0.206,804,6,6
0,70,אשדוד,ASHDOD,5,4,243,"3,178",0.238,826,6,6
0,70,אשדוד,ASHDOD,5,4,233,"3,789",0.241,828,6,6
0,70,אשדוד,ASHDOD,5,4,342,"4,203",0.301,868,6,6
0,70,אשדוד,ASHDOD,5,4,411,"4,277",0.322,889,6,6
0,70,אשדוד,ASHDOD,5,4,423,"4,608",0.339,902,6,6
0,70,אשדוד,ASHDOD,5,4,424,"2,567",0.343,904,6,6
0,70,אשדוד,ASHDOD,5,4,413,"2,525",0.359,909,6,6
0,70,אשדוד,ASHDOD,5,4,314,"6,279",0.402,934,6,6
0,70,אשדוד,ASHDOD,5,4,412,"3,467",0.419,947,6,7
0,70,אשדוד,ASHDOD,5,4,244,"2,347",0.434,955,7,6
0,70,אשדוד,ASHDOD,5,4,425,"5,366",0.48,975,7,6
0,70,אשדוד,ASHDOD,5,4,317,"4,788",0.495,982,7,7
0,70,אשדוד,ASHDOD,5,4,315,"4,123",0.521,994,7,7
0,70,אשדוד,ASHDOD,5,4,316,"6,045",0.538,1002,7,7
0,70,אשדוד,ASHDOD,5,4,421,"6,958",0.551,1012,7,7
0,70,אשדוד,ASHDOD,5,4,422,"9,454",0.582,1023,7,7
0,70,אשדוד,ASHDOD,5,4,426,"3,825",0.703,1082,7,7
0,70,אשדוד,ASHDOD,5,4,312,"1,394",0.704,1085,7,7
0,70,אשדוד,ASHDOD,5,4,311,"2,375",0.795,1128,7,7
0,70,אשדוד,ASHDOD,5,4,415,"6,844",0.821,1138,7,7
0,70,אשדוד,ASHDOD,5,4,313,"2,077",0.843,1148,7,7
0,70,אשדוד,ASHDOD,5,4,433,"5,531",0.885,1170,7,7
0,70,אשדוד,ASHDOD,5,4,434,"5,788",0.939,1194,7,7
0,70,אשדוד,ASHDOD,5,4,432,"4,476",1.002,1233,7,8
0,3570,אריאל,ARI'EL,6,6,5,"6,310",-0.19,558,5,5
0,3570,אריאל,ARI'EL,6,6,1,"2,113",0.382,923,6,6
0,3570,אריאל,ARI'EL,6,6,4,"4,045",0.436,956,7,7
0,3570,אריאל,ARI'EL,6,6,2,"2,716",0.475,973,7,7
0,3570,אריאל,ARI'EL,6,6,3,"5,353",0.61,1039,7,7
0,1309,אלעד,EL'AD,2,2,4,"6,653",-1.673,115,1,1
0,1309,אלעד,EL'AD,2,2,5,"6,407",-1.577,129,2,2
0,1309,אלעד,EL'AD,2,2,6,"7,241",-1.427,154,2,2
0,1309,אלעד,EL'AD,2,2,1,"7,876",-1.397,162,2,2
0,1309,אלעד,EL'AD,2,2,7,"8,274",-1.356,171,2,2
0,1309,אלעד,EL'AD,2,2,3,"5,376",-1.279,182,2,2
0,1309,אלעד,EL'AD,2,2,2,"6,934",-1.226,190,2,2
0,2600,אילת,ELAT,6,6,21,"3,970",-0.322,472,5,4
0,2600,אילת,ELAT,6,6,12,766,-0.257,516,5,4
0,2600,אילת,ELAT,6,6,22,"3,052",-0.22,543,5,4
0,2600,אילת,ELAT,6,6,14,"3,747",-0.199,554,5,4
0,2600,אילת,ELAT,6,6,15,"3,785",-0.168,565,5,5
0,2600,אילת,ELAT,6,6,25,"2,293",-0.156,578,5,4
0,2600,אילת,ELAT,6,6,23,"5,856",0.012,680,5,5
0,2600,אילת,ELAT,6,6,31,"3,576",0.153,781,6,5
0,2600,אילת,ELAT,6,6,13,848,0.157,783,6,5
0,2600,אילת,ELAT,6,6,35,"2,825",0.332,896,6,6
0,2600,אילת,ELAT,6,6,16,341,0.393,929,6,6
0,2600,אילת,ELAT,6,6,11,246,0.443,957,7,6
0,2600,אילת,ELAT,6,6,33,"3,549",0.549,1010,7,7
0,2600,אילת,ELAT,6,6,36,"9,975",0.632,1050,7,7
0,2600,אילת,ELAT,6,6,32,"1,590",0.719,1093,7,7
0,2600,אילת,ELAT,6,6,24,"3,727",0.76,1110,7,7
0,2600,אילת,ELAT,6,6,34,"2,139",0.77,1116,7,7
99,565,אזור,AZOR,7,7,2,"3,901",0.407,940,6,6
99,565,אזור,AZOR,7,7,3,"4,721",0.487,978,7,6
99,565,אזור,AZOR,7,7,1,"4,189",0.876,1160,7,7
0,1020,אור עקיבא,OR AQIVA,5,5,2,"3,066",-0.803,305,3,3
0,1020,אור עקיבא,OR AQIVA,5,5,3,"4,704",-0.378,439,5,4
0,1020,אור עקיבא,OR AQIVA,5,5,5,"3,914",0.251,835,6,6
0,1020,אור עקיבא,OR AQIVA,5,5,4,"2,232",0.404,937,6,6
0,1020,אור עקיבא,OR AQIVA,5,5,1,"4,882",0.407,938,6,7
0,2400,אור יהודה,OR YEHUDA,5,5,11,220,-0.927,265,3,3
0,2400,אור יהודה,OR YEHUDA,5,5,5,"2,023",-0.85,287,3,3
0,2400,אור יהודה,OR YEHUDA,5,5,8,"1,797",-0.726,322,3,3
0,2400,אור יהודה,OR YEHUDA,5,5,7,"3,261",-0.614,357,4,4
0,2400,אור יהודה,OR YEHUDA,5,5,3,"2,332",-0.323,471,5,4
0,2400,אור יהודה,OR YEHUDA,5,5,4,"3,505",-0.265,507,5,4
0,2400,אור יהודה,OR YEHUDA,5,5,2,"2,400",-0.125,590,5,5
0,2400,אור יהודה,OR YEHUDA,5,5,12,"4,168",-0.048,642,5,5
0,2400,אור יהודה,OR YEHUDA,5,5,1,"5,920",0.287,857,6,6
0,2400,אור יהודה,OR YEHUDA,5,5,13,462,0.335,900,6,6
0,2400,אור יהודה,OR YEHUDA,5,5,9,"7,181",0.677,1069,7,7
0,2400,אור יהודה,OR YEHUDA,5,5,10,"3,332",0.954,1206,7,8
0,31,אופקים,OFAQIM,3,3,6,"6,123",-1.723,106,1,1
0,31,אופקים,OFAQIM,3,3,3,"3,045",-0.964,254,3,3
0,31,אופקים,OFAQIM,3,3,4,"3,044",-0.909,271,3,3
0,31,אופקים,OFAQIM,3,3,2,"2,773",-0.541,375,4,3
0,31,אופקים,OFAQIM,3,3,1,"5,246",-0.54,376,4,4
0,31,אופקים,OFAQIM,3,3,7,"10,424",-0.093,611,5,5
